8,166,1,6,6,1200
8,166,1,6,6,1600
8,167,1,6,6,1500
8,167,1,6,6,1800
8,169,2,6,6,1600
8,169,2,6,6,1200
8,170,2,6,6,1500
8,170,2,6,6,1800
8,172,3,12,12,1600
8,173,3,12,12,1600
25,176,1,0,6,1500
25,176,1,0,6,1800
25,176,1,0,6,2100
42,179,1,0,4,1500
42,179,1,0,4,1800
42,179,1,0,4,2100
51,182,1,0,4,1700
51,182,1,0,4,2000
56,185,1,0,2,1700
60,188,1,1,1,1600
62,189,1,1,1,1600
69,166,1,4,4,1200
69,166,1,4,4,1600
69,167,1,4,4,1500
69,167,1,4,4,1800
69,169,2,4,4,1600
69,169,2,4,4,1200
69,170,2,4,4,1500
69,170,2,4,4,1800
69,172,3,8,8,1600
69,173,3,8,8,1600
78,176,1,2,3,1500
78,176,1,2,4,1800
78,176,1,2,3,2100
87,179,1,2,2,1500
87,179,1,2,2,1800
92,182,1,1,1,1700
92,182,1,1,1,2000
95,185,1,1,1,1500
97,185,1,1,1,1800
107,352,1,1,1,1500
109,355,1,1,1,1700
109,355,1,1,1,2000
112,358,1,1,1,1500
114,360,1,1,1,1930
128,250,1,10,10,1945
128,251,1,10,10,1600
128,257,2,20,20,1945
128,285,3,10,10,1945
128,286,3,10,10,1600
128,289,4,20,20,1945
128,320,5,10,10,1945
128,321,5,10,10,1600
128,324,6,20,20,1945
128,450,7,20,20,1945
128,453,8,10,10,1945
128,454,8,10,10,1600
128,614,9,10,10,1945
128,615,9,10,10,1600
128,618,10,20,20,1945
136,171,1,4,4,1600
136,171,1,4,4,1945
145,174,1,4,4,1800
145,175,1,4,4,1600
145,176,1,4,4,1930
145,178,2,4,4,1800
145,179,2,4,4,2045
145,180,2,4,4,1930
145,182,3,4,4,1800
145,183,3,4,4,2045
145,184,3,4,4,1930
154,187,1,4,4,1900
154,187,1,4,4,2100
163,190,1,2,2,1600
163,190,1,2,2,1900
168,193,1,1,1,1800
168,193,1,1,1,2000
171,196,1,1,1,1845
173,196,1,1,1,2145
180,250,1,8,8,1945
180,251,1,8,8,1600
180,254,2,16,16,1945
180,285,3,8,8,1945
180,286,3,8,8,1600
180,289,4,16,16,1945
180,320,5,8,8,1945
180,321,5,8,8,1600
180,324,6,16,16,1945
180,450,7,16,16,1945
180,453,8,8,8,1945
180,454,8,8,8,1600
180,615,9,16,16,1600
180,618,10,16,16,1945
180,649,11,8,8,1945
180,650,11,8,8,1600
180,653,12,16,16,1945
180,684,13,8,8,1945
180,685,13,8,8,1600
180,688,14,16,16,1945
185,814,1,1,1,1600
185,814,1,1,1,1945
188,817,1,1,1,1945
190,818,1,1,1,1600
193,220,1,1,1,1830
217,261,1,0,18,1945
217,262,1,0,18,1945
217,268,2,0,18,1945
217,268,2,0,18,1945
217,275,3,0,18,1945
217,276,3,0,18,1945
217,282,4,0,18,1945
217,283,4,0,18,1945
217,295,5,0,18,1945
217,296,5,0,18,1945
217,298,6,0,18,1945
217,299,6,0,18,1945
217,310,7,0,18,1945
217,311,7,0,18,1945
217,332,8,0,18,1945
217,333,8,0,18,1945
219,417,1,8,8,1945
219,424,2,8,8,1945
228,437,1,1,4,1945
228,438,1,3,4,1830
228,444,2,1,4,1945
228,445,2,3,4,1830
237,464,1,2,2,1945
237,465,1,2,2,1830
237,471,2,2,2,1945
237,471,2,2,2,1830
242,486,1,2,2,1830
242,493,2,2,2,1830
245,517,1,1,1,1945
250,261,1,0,18,1945
250,262,1,0,18,1945
250,268,2,0,18,1945
250,268,2,0,18,1945
250,275,3,0,18,1945
250,276,3,0,18,1945
250,282,4,0,18,1945
250,283,4,0,18,1945
250,295,5,0,18,1945
250,296,5,0,18,1945
250,298,6,0,18,1945
250,299,6,0,18,1945
250,310,7,0,18,1945
250,311,7,0,18,1945
250,332,8,0,18,1945
250,333,8,0,18,1945
252,417,1,8,8,1945
252,424,2,8,8,1945
261,438,1,8,8,1945
261,445,2,8,8,1945
270,466,1,4,4,1945
270,471,2,4,4,1945
275,480,1,2,2,1945
275,487,2,2,2,1945
278,514,1,1,1,1900
283,261,1,0,18,1945
283,262,1,0,18,1945
283,268,2,0,18,1945
283,268,2,0,18,1945
283,275,3,0,18,1945
283,276,3,0,18,1945
283,282,4,0,18,1945
283,283,4,0,18,1945
283,295,5,0,18,1945
283,296,5,0,18,1945
283,298,6,0,18,1945
283,299,6,0,18,1945
283,310,7,0,18,1945
283,311,7,0,18,1945
283,332,8,0,18,1945
283,333,8,0,18,1945
285,417,1,8,8,1945
285,424,2,8,8,1945
294,438,1,8,8,1945
294,445,2,8,8,1945
303,466,1,4,4,1945
303,471,2,4,4,1945
308,480,1,2,2,1945
308,487,2,2,2,1945
311,514,1,1,1,1900
315,224,1,7,7,1815
315,231,2,7,7,1815
315,238,3,7,7,1815
315,245,4,7,7,1815
315,259,5,7,7,1815
315,266,6,7,7,1815
315,273,7,7,7,1815
315,280,8,7,7,1815
315,294,9,7,7,1815
315,301,10,7,7,1815
315,308,11,7,7,1815
315,315,12,7,7,1815
315,329,13,7,7,1815
315,336,14,7,7,1815
315,343,15,7,7,1815
315,350,16,7,7,1815
315,357,17,7,7,1815
315,371,18,7,7,1815
315,378,19,7,7,1815
315,385,20,7,7,1815
315,392,21,7,7,1815
315,399,22,7,7,1815
315,406,23,7,7,1815
315,413,24,7,7,1815
315,420,25,7,7,1815
315,427,26,7,7,1815
315,367,27,0,7,1915
315,409,28,0,7,1915
318,434,1,3,3,1815
318,441,2,3,3,1815
318,448,3,3,3,1815
318,462,4,3,3,1815
318,469,5,3,3,1815
318,476,6,3,3,1815
318,483,7,3,3,1815
318,490,8,3,3,1815
318,497,9,3,3,1815
318,504,10,3,3,1815
318,500,11,0,3,1915
318,525,12,0,3,1815
321,217,1,1,1,1600
324,202,1,10,10,1730
324,206,2,10,10,1730
324,209,3,10,10,1730
324,215,4,10,10,1730
324,222,5,3,3,1930
324,223,5,2,5,1800
324,224,5,1,2,1500
324,229,6,3,3,1930
324,230,6,2,5,1800
324,231,6,1,2,1500
324,237,7,4,5,1800
324,237,7,3,6,1500
324,244,8,4,5,1800
324,244,8,3,6,1500
324,257,9,2,3,1945
324,258,9,2,5,1500
324,258,9,1,3,1730
324,265,10,2,3,1945
324,265,10,2,5,1500
324,265,10,1,3,1600
324,272,11,2,3,1945
324,272,11,2,5,1430
324,272,11,1,3,1600
324,278,12,2,3,1945
324,279,12,4,8,1500
324,292,13,2,3,1945
324,292,13,2,5,1430
324,292,13,1,2,1745
324,301,14,2,3,1945
324,301,14,2,5,1430
324,301,14,1,2,1600
324,307,15,2,3,1945
324,307,15,2,5,1430
324,308,15,1,2,1600
324,329,16,2,3,1945
324,329,16,2,5,1430
324,329,16,1,2,1600
324,336,17,2,3,1945
324,336,17,2,5,1430
324,336,17,1,2,1600
324,375,18,2,3,1945
324,375,18,2,5,1430
324,375,18,1,2,1600
324,378,19,2,3,1945
324,378,19,4,8,1430
324,398,20,2,3,1945
324,398,20,4,8,1430
324,405,21,2,3,1945
324,406,21,4,8,1430
324,410,22,2,3,1945
324,411,22,4,8,1430
324,420,23,2,3,1945
324,420,23,4,8,1430
324,431,24,2,3,1945
324,431,24,4,8,1430
324,434,25,2,3,1945
324,434,25,4,8,1830
324,451,26,2,3,1945
324,451,26,4,8,1830
324,451,26,1,2,1930
324,448,27,2,3,1945
324,448,27,4,6,1830
324,448,27,1,2,1930
324,454,28,2,3,1945
324,454,28,4,6,1830
324,454,28,1,2,1930
324,462,29,2,3,1945
324,462,29,4,6,1830
324,462,29,1,2,1930
324,469,30,4,8,1830
324,469,30,2,3,1930
324,476,31,4,8,1830
324,476,31,2,3,1930
324,483,32,4,8,1830
324,483,32,2,3,1930
324,490,33,10,10,1430
324,497,34,10,10,1430
324,504,35,10,10,1430
324,507,36,0,10,1430
324,520,37,0,10,1430
324,523,38,0,10,1430
324,526,39,0,10,1430
327,202,1,1,1,2000
327,203,1,5,8,1230
327,203,1,1,4,1630
327,203,1,0,2,1945
327,208,2,1,1,1230
327,209,2,6,12,1500
327,215,3,12,12,1230
327,223,4,4,12,1600
327,223,4,4,12,1945
327,237,5,1,1,1230
327,237,5,6,12,1500
327,244,6,1,1,1230
327,244,6,6,12,1500
327,254,7,7,13,1945
327,258,8,1,1,1230
327,258,8,6,12,1500
327,265,9,1,1,1230
327,265,9,5,12,1500
327,265,9,1,1,1830
327,272,10,1,1,1230
327,272,10,6,12,1500
327,279,11,1,1,1230
327,279,11,11,11,1500
327,280,11,0,4,1500
327,275,12,6,6,1845
327,276,12,6,7,1845
327,290,13,12,12,1945
327,293,14,1,1,1230
327,293,14,6,12,1500
327,301,15,12,12,1500
327,307,16,1,1,1230
327,307,16,6,12,1500
327,318,17,1,1,1230
327,318,17,6,12,1500
327,318,17,0,4,1900
327,321,18,0,6,1730
327,321,18,6,6,1500
327,328,19,1,1,1215
327,328,19,6,12,1500
327,329,19,1,1,1200
327,336,20,12,12,1500
327,342,21,1,1,1230
327,342,21,6,12,1500
327,349,22,1,1,1230
327,349,22,6,12,1500
327,350,22,0,4,1500
327,356,23,1,1,1230
327,356,23,6,12,1500
327,357,23,0,5,1600
327,353,24,2,6,1230
327,353,24,5,8,1845
327,364,25,1,2,1230
327,364,25,10,11,1500
327,367,26,1,1,1230
327,367,26,11,11,1500
327,368,26,0,2,1500
327,375,27,1,1,1215
327,375,27,10,10,1500
327,376,27,0,4,1800
327,384,28,1,1,1215
327,384,28,6,12,1500
327,345,29,6,6,1845
327,346,29,6,6,1845
327,408,30,0,6,1845
327,408,30,1,3,1230
327,409,30,3,6,1500
327,398,31,1,1,1230
327,398,31,6,12,1500
327,406,32,1,1,1230
327,406,32,5,10,1600
327,406,32,2,4,1815
327,411,33,1,1,1730
327,411,33,6,12,1930
327,420,34,6,12,1500
327,420,34,0,4,1730
327,427,35,1,1,1230
327,427,35,6,12,1500
327,427,35,0,4,1500
327,434,36,1,1,1230
327,434,36,6,12,1400
327,434,36,1,1,1630
327,451,37,1,1,1230
327,451,37,6,12,1930
327,451,37,0,4,1730
327,448,38,1,1,1230
327,448,38,6,9,1400
327,448,38,1,3,1630
327,454,39,1,1,1215
327,454,39,6,12,1500
327,462,40,1,1,1230
327,462,40,6,12,1400
327,462,40,1,1,1200
327,468,41,0,4,1230
327,468,41,1,1,1430
327,468,41,6,12,1800
327,475,42,1,1,1230
327,475,42,6,12,1500
327,476,42,0,4,1500
327,483,43,1,1,1230
327,483,43,6,12,1500
327,483,43,0,2,1945
327,490,44,1,1,1230
327,490,44,6,12,1500
327,490,44,0,4,1830
327,496,45,0,12,1500
327,497,45,0,4,1500
327,470,46,0,3,1500
327,471,46,0,4,1500
327,503,46,13,13,1400
327,507,46,0,2,1945
330,202,1,1,1,2000
330,203,1,5,8,1230
330,203,1,1,4,1630
330,203,1,0,2,1945
330,208,2,1,1,1230
330,209,2,6,12,1500
330,215,3,12,12,1230
330,223,4,4,12,1600
330,223,4,4,12,1945
330,237,5,1,1,1230
330,237,5,6,12,1500
330,244,6,1,1,1230
330,244,6,6,12,1500
330,254,7,7,13,1945
330,258,8,1,1,1230
330,258,8,6,12,1500
330,265,9,1,1,1230
330,265,9,5,12,1500
330,265,9,1,1,1830
330,272,10,1,1,1230
330,272,10,6,12,1500
330,279,11,1,1,1230
330,279,11,11,11,1500
330,280,11,0,4,1500
330,275,12,6,6,1845
330,276,12,6,7,1845
330,290,13,12,12,1945
330,293,14,1,1,1230
330,293,14,6,12,1500
330,301,15,12,12,1500
330,307,16,1,1,1230
330,307,16,6,12,1500
330,318,17,1,1,1230
330,318,17,6,12,1500
330,318,17,0,4,1900
330,321,18,0,6,1730
330,321,18,6,6,1500
330,328,19,1,1,1215
330,328,19,6,12,1500
330,329,19,1,1,1200
330,336,20,12,12,1500
330,342,21,1,1,1230
330,342,21,6,12,1500
330,349,22,1,1,1230
330,349,22,6,12,1500
330,350,22,0,4,1500
330,356,23,1,1,1230
330,356,23,6,12,1500
330,357,23,0,5,1600
330,353,24,2,6,1230
330,353,24,5,8,1845
330,364,25,1,2,1230
330,364,25,10,11,1500
330,367,26,1,1,1230
330,367,26,11,11,1500
330,368,26,0,2,1500
330,375,27,1,1,1215
330,375,27,10,10,1500
330,376,27,0,4,1800
330,384,28,1,1,1215
330,384,28,6,12,1500
330,345,29,6,6,1845
330,346,29,6,6,1845
330,408,30,0,6,1845
330,408,30,1,3,1230
330,409,30,3,6,1500
330,398,31,1,1,1230
330,398,31,6,12,1500
330,406,32,1,1,1230
330,406,32,5,10,1600
330,406,32,2,4,1815
330,411,33,1,1,1730
330,411,33,6,12,1930
330,420,34,6,12,1500
330,420,34,0,4,1730
330,427,35,1,1,1230
330,427,35,6,12,1500
330,427,35,0,4,1500
330,434,36,1,1,1230
330,434,36,6,12,1400
330,434,36,1,1,1630
330,451,37,1,1,1230
330,451,37,6,12,1930
330,451,37,0,4,1730
330,448,38,1,1,1230
330,448,38,6,9,1400
330,448,38,1,3,1630
330,454,39,1,1,1215
330,454,39,6,12,1500
330,462,40,1,1,1230
330,462,40,6,12,1400
330,462,40,1,1,1200
330,468,41,0,4,1230
330,468,41,1,1,1430
330,468,41,6,12,1800
330,475,42,1,1,1230
330,475,42,6,12,1500
330,476,42,0,4,1500
330,483,43,1,1,1230
330,483,43,6,12,1500
330,483,43,0,2,1945
330,490,44,1,1,1230
330,490,44,6,12,1500
330,490,44,0,4,1830
330,496,45,0,12,1500
330,497,45,0,4,1500
330,470,46,0,3,1500
330,471,46,0,4,1500
330,503,46,13,13,1400
330,507,46,0,2,1945
333,202,1,1,1,2000
333,203,1,5,8,1230
333,203,1,1,4,1630
333,203,1,0,2,1945
333,208,2,1,1,1230
333,209,2,6,12,1500
333,215,3,12,12,1230
333,223,4,4,12,1600
333,223,4,4,12,1945
333,237,5,1,1,1230
333,237,5,6,12,1500
333,244,6,1,1,1230
333,244,6,6,12,1500
333,254,7,7,13,1945
333,258,8,1,1,1230
333,258,8,6,12,1500
333,265,9,1,1,1230
333,265,9,5,12,1500
333,265,9,1,1,1830
333,272,10,1,1,1230
333,272,10,6,12,1500
333,279,11,1,1,1230
333,279,11,11,11,1500
333,280,11,0,4,1500
333,275,12,6,6,1845
333,276,12,6,7,1845
333,290,13,12,12,1945
333,293,14,1,1,1230
333,293,14,6,12,1500
333,301,15,12,12,1500
333,307,16,1,1,1230
333,307,16,6,12,1500
333,318,17,1,1,1230
333,318,17,6,12,1500
333,318,17,0,4,1900
333,321,18,0,6,1730
333,321,18,6,6,1500
333,328,19,1,1,1215
333,328,19,6,12,1500
333,329,19,1,1,1200
333,336,20,12,12,1500
333,342,21,1,1,1230
333,342,21,6,12,1500
333,349,22,1,1,1230
333,349,22,6,12,1500
333,350,22,0,4,1500
333,356,23,1,1,1230
333,356,23,6,12,1500
333,357,23,0,5,1600
333,353,24,2,6,1230
333,353,24,5,8,1845
333,364,25,1,2,1230
333,364,25,10,11,1500
333,367,26,1,1,1230
333,367,26,11,11,1500
333,368,26,0,2,1500
333,375,27,1,1,1215
333,375,27,10,10,1500
333,376,27,0,4,1800
333,384,28,1,1,1215
333,384,28,6,12,1500
333,345,29,6,6,1845
333,346,29,6,6,1845
333,408,30,0,6,1845
333,408,30,1,3,1230
333,409,30,3,6,1500
333,398,31,1,1,1230
333,398,31,6,12,1500
333,406,32,1,1,1230
333,406,32,5,10,1600
333,406,32,2,4,1815
333,411,33,1,1,1730
333,411,33,6,12,1930
333,420,34,6,12,1500
333,420,34,0,4,1730
333,427,35,1,1,1230
333,427,35,6,12,1500
333,427,35,0,4,1500
333,434,36,1,1,1230
333,434,36,6,12,1400
333,434,36,1,1,1630
333,451,37,1,1,1230
333,451,37,6,12,1930
333,451,37,0,4,1730
333,448,38,1,1,1230
333,448,38,6,9,1400
333,448,38,1,3,1630
333,454,39,1,1,1215
333,454,39,6,12,1500
333,462,40,1,1,1230
333,462,40,6,12,1400
333,462,40,1,1,1200
333,468,41,0,4,1230
333,468,41,1,1,1430
333,468,41,6,12,1800
333,475,42,1,1,1230
333,475,42,6,12,1500
333,476,42,0,4,1500
333,483,43,1,1,1230
333,483,43,6,12,1500
333,483,43,0,2,1945
333,490,44,1,1,1230
333,490,44,6,12,1500
333,490,44,0,4,1830
333,496,45,0,12,1500
333,497,45,0,4,1500
333,470,46,0,3,1500
333,471,46,0,4,1500
333,503,46,13,13,1400
333,507,46,0,2,1945
336,202,1,1,1,2000
336,203,1,5,8,1230
336,203,1,1,4,1630
336,203,1,0,2,1945
336,208,2,1,1,1230
336,209,2,6,12,1500
336,215,3,12,12,1230
336,223,4,4,12,1600
336,223,4,4,12,1945
336,237,5,1,1,1230
336,237,5,6,12,1500
336,244,6,1,1,1230
336,244,6,6,12,1500
336,254,7,7,13,1945
336,258,8,1,1,1230
336,258,8,6,12,1500
336,265,9,1,1,1230
336,265,9,5,12,1500
336,265,9,1,1,1830
336,272,10,1,1,1230
336,272,10,6,12,1500
336,279,11,1,1,1230
336,279,11,11,11,1500
336,280,11,0,4,1500
336,275,12,6,6,1845
336,276,12,6,7,1845
336,290,13,12,12,1945
336,293,14,1,1,1230
336,293,14,6,12,1500
336,301,15,12,12,1500
336,307,16,1,1,1230
336,307,16,6,12,1500
336,318,17,1,1,1230
336,318,17,6,12,1500
336,318,17,0,4,1900
336,321,18,0,6,1730
336,321,18,6,6,1500
336,328,19,1,1,1215
336,328,19,6,12,1500
336,329,19,1,1,1200
336,336,20,12,12,1500
336,342,21,1,1,1230
336,342,21,6,12,1500
336,349,22,1,1,1230
336,349,22,6,12,1500
336,350,22,0,4,1500
336,356,23,1,1,1230
336,356,23,6,12,1500
336,357,23,0,5,1600
336,353,24,2,6,1230
336,353,24,5,8,1845
336,364,25,1,2,1230
336,364,25,10,11,1500
336,367,26,1,1,1230
336,367,26,11,11,1500
336,368,26,0,2,1500
336,375,27,1,1,1215
336,375,27,10,10,1500
336,376,27,0,4,1800
336,384,28,1,1,1215
336,384,28,6,12,1500
336,345,29,6,6,1845
336,346,29,6,6,1845
336,408,30,0,6,1845
336,408,30,1,3,1230
336,409,30,3,6,1500
336,398,31,1,1,1230
336,398,31,6,12,1500
336,406,32,1,1,1230
336,406,32,5,10,1600
336,406,32,2,4,1815
336,411,33,1,1,1730
336,411,33,6,12,1930
336,420,34,6,12,1500
336,420,34,0,4,1730
336,427,35,1,1,1230
336,427,35,6,12,1500
336,427,35,0,4,1500
336,434,36,1,1,1230
336,434,36,6,12,1400
336,434,36,1,1,1630
336,451,37,1,1,1230
336,451,37,6,12,1930
336,451,37,0,4,1730
336,448,38,1,1,1230
336,448,38,6,9,1400
336,448,38,1,3,1630
336,454,39,1,1,1215
336,454,39,6,12,1500
336,462,40,1,1,1230
336,462,40,6,12,1400
336,462,40,1,1,1200
336,468,41,0,4,1230
336,468,41,1,1,1430
336,468,41,6,12,1800
336,475,42,1,1,1230
336,475,42,6,12,1500
336,476,42,0,4,1500
336,483,43,1,1,1230
336,483,43,6,12,1500
336,483,43,0,2,1945
336,490,44,1,1,1230
336,490,44,6,12,1500
336,490,44,0,4,1830
336,496,45,0,12,1500
336,497,45,0,4,1500
336,470,46,0,3,1500
336,471,46,0,4,1500
336,503,46,13,13,1400
336,507,46,0,2,1945
343,296,1,1,6,1945
343,297,1,4,10,1500
343,298,1,0,4,1600
360,303,1,1,6,1945
360,304,1,4,10,1500
360,305,1,0,4,1600
379,331,1,1,2,1945
379,332,1,10,18,1500
379,332,1,0,2,1730
379,333,1,0,4,1600
402,377,1,1,2,1245
402,377,1,22,42,1500
402,378,1,1,2,1400
437,415,1,1,1,1245
437,416,1,10,20,1500
437,416,1,1,1,1730
437,417,1,3,6,1600
456,431,1,1,1,1245
456,431,1,1,3,1500
456,431,1,1,1,1730
456,432,1,1,2,1330
456,432,1,1,1,1600
467,464,1,1,1,1245
467,465,1,1,1,1730
467,465,1,1,1,1330
467,466,1,1,1,1600
474,480,1,1,1,1730
474,479,1,1,1,1500
477,511,1,1,1,1730
485,225,1,0,2,2000
485,226,1,20,40,1945
485,226,1,2,10,2000
485,227,1,4,8,1945
485,227,1,2,10,2000
485,228,1,0,2,1945
485,229,1,0,2,2000
524,240,1,12,30,1945
524,240,1,1,4,2000
524,241,1,6,12,1945
524,241,1,2,6,2000
524,242,1,0,2,1945
551,261,1,0,4,1945
551,261,1,0,1,2000
551,262,1,0,4,1945
551,262,1,0,1,2000
551,268,1,0,4,1945
551,268,1,0,1,2000
551,269,1,0,4,1945
551,269,1,0,1,2000
570,296,1,3,8,1945
570,297,1,1,8,2000
570,297,1,1,8,1945
570,298,1,1,8,2000
581,337,1,0,2,2000
581,338,1,0,2,2000
581,339,1,0,4,2000
581,340,1,0,4,2000
581,359,1,0,4,2000
581,360,1,0,4,2000
588,380,1,1,1,1945
588,381,1,1,1,1945
588,401,2,1,1,1945
588,402,2,1,1,1945
591,444,1,1,1,2000
595,202,1,0,9,1730
595,206,2,0,9,1930
595,209,3,0,9,1730
595,216,4,0,9,1730
595,222,5,3,3,1930
595,223,5,2,5,1800
595,224,5,1,2,1500
595,229,6,3,3,1930
595,230,6,2,5,1800
595,231,6,1,2,1500
595,237,7,4,5,1800
595,238,7,3,4,1500
595,244,8,4,5,1800
595,245,8,3,4,1500
595,257,9,2,3,1945
595,258,9,2,5,1500
595,259,9,1,3,1600
595,265,10,2,3,1945
595,265,10,2,5,1500
595,266,10,1,3,1600
595,272,11,2,3,1945
595,272,11,2,5,1730
595,272,11,1,3,1600
595,278,12,2,3,1945
595,279,12,4,6,1500
595,292,13,2,3,1945
595,292,13,2,5,1430
595,292,13,1,2,1600
595,301,14,2,3,1945
595,301,14,2,5,1430
595,301,14,1,2,1600
595,306,15,2,3,1945
595,307,15,2,5,1430
595,307,15,1,2,1815
595,327,16,2,3,1945
595,328,16,2,5,1430
595,329,16,1,2,1600
595,335,17,2,3,1945
595,335,17,2,5,1430
595,336,17,1,2,1600
595,397,18,2,3,1945
595,398,18,4,6,1430
595,405,19,2,3,1945
595,405,19,4,6,1430
595,412,20,2,3,1945
595,413,20,4,6,1430
595,420,21,2,3,1945
595,420,21,4,6,1430
595,427,22,2,3,1945
595,427,22,4,6,1430
595,430,23,2,3,1945
595,431,23,4,6,1830
595,441,24,2,3,1945
595,441,24,4,6,1830
595,441,24,1,2,1930
595,448,25,2,3,1230
595,448,25,4,6,1630
595,448,25,1,2,1930
595,453,26,2,3,1945
595,454,26,4,6,1830
595,455,26,1,2,1930
595,460,27,2,3,1945
595,461,27,4,6,1830
595,461,27,1,2,1930
595,469,28,4,6,1600
595,469,28,2,3,1930
595,475,29,4,6,1730
595,475,29,2,3,1930
595,483,30,4,6,1600
595,483,30,2,3,1930
595,490,31,9,9,1430
595,497,32,9,9,1430
595,504,33,9,9,1430
595,511,34,9,9,1430
595,521,35,9,9,1430
595,525,36,9,9,1430
598,202,1,0,9,1730
598,206,2,0,9,1930
598,209,3,0,9,1730
598,216,4,0,9,1730
598,222,5,3,3,1930
598,223,5,2,5,1800
598,224,5,1,2,1500
598,229,6,3,3,1930
598,230,6,2,5,1800
598,231,6,1,2,1500
598,237,7,4,5,1800
598,238,7,3,4,1500
598,244,8,4,5,1800
598,245,8,3,4,1500
598,257,9,2,3,1945
598,258,9,2,5,1500
598,259,9,1,3,1600
598,265,10,2,3,1945
598,265,10,2,5,1500
598,266,10,1,3,1600
598,272,11,2,3,1945
598,272,11,2,5,1730
598,272,11,1,3,1600
598,278,12,2,3,1945
598,279,12,4,6,1500
598,292,13,2,3,1945
598,292,13,2,5,1430
598,292,13,1,2,1600
598,301,14,2,3,1945
598,301,14,2,5,1430
598,301,14,1,2,1600
598,306,15,2,3,1945
598,307,15,2,5,1430
598,307,15,1,2,1815
598,327,16,2,3,1945
598,328,16,2,5,1430
598,329,16,1,2,1600
598,335,17,2,3,1945
598,335,17,2,5,1430
598,336,17,1,2,1600
598,397,18,2,3,1945
598,398,18,4,6,1430
598,405,19,2,3,1945
598,405,19,4,6,1430
598,412,20,2,3,1945
598,413,20,4,6,1430
598,420,21,2,3,1945
598,420,21,4,6,1430
598,427,22,2,3,1945
598,427,22,4,6,1430
598,430,23,2,3,1945
598,431,23,4,6,1830
598,441,24,2,3,1945
598,441,24,4,6,1830
598,441,24,1,2,1930
598,448,25,2,3,1230
598,448,25,4,6,1630
598,448,25,1,2,1930
598,453,26,2,3,1945
598,454,26,4,6,1830
598,455,26,1,2,1930
598,460,27,2,3,1945
598,461,27,4,6,1830
598,461,27,1,2,1930
598,469,28,4,6,1600
598,469,28,2,3,1930
598,475,29,4,6,1730
598,475,29,2,3,1930
598,483,30,4,6,1600
598,483,30,2,3,1930
598,490,31,9,9,1430
598,497,32,9,9,1430
598,504,33,9,9,1430
598,511,34,9,9,1430
598,521,35,9,9,1430
598,525,36,9,9,1430
601,220,1,1,1,1645
604,216,1,8,8,1930
604,223,2,8,8,1930
604,230,3,8,8,1930
604,237,4,8,8,1930
604,244,5,8,8,1930
604,258,6,8,8,1930
604,265,7,8,8,1930
604,272,8,8,8,1930
604,279,9,8,8,1930
604,293,10,8,8,1930
604,300,11,8,8,1930
604,307,12,8,8,1930
604,314,13,8,8,1930
604,328,14,8,8,1930
604,342,15,8,8,1930
604,349,16,8,8,1930
604,370,17,8,8,1930
604,384,18,8,8,1930
604,391,19,8,8,1930
604,398,20,8,8,1930
604,405,21,8,8,1930
604,412,22,8,8,1930
604,419,23,8,8,1930
604,426,24,8,8,1930
604,433,25,8,8,1930
604,440,26,8,8,1930
604,447,27,8,8,1930
604,461,28,8,8,1930
604,468,29,8,8,1930
604,475,30,8,8,1930
604,482,31,8,8,1930
604,489,32,8,8,1930
604,496,33,8,8,1930
604,503,34,8,8,1930
612,335,1,1,1,1430
612,335,1,1,4,1500
612,335,1,2,6,1515
612,335,1,1,4,1800
612,335,1,1,4,1830
612,335,1,1,1,1900
612,335,1,1,1,2045
612,336,1,1,1,1345
612,336,1,1,4,1500
612,336,1,5,12,1515
612,336,1,1,1,1745
612,336,1,1,1,2045
612,337,1,1,1,2045
636,377,1,2,4,1830
636,377,1,1,1,1900
636,377,1,2,4,1930
636,377,1,1,1,2100
636,378,1,1,1,1700
636,378,1,2,4,1900
636,378,1,1,1,2000
636,378,1,1,1,2100
655,401,1,1,1,1815
655,401,1,1,1,1900
655,401,1,1,1,1930
655,401,1,1,1,2100
655,402,1,1,1,1700
655,402,1,1,1,1900
655,402,1,1,1,1930
655,402,1,1,1,2100
666,408,1,1,1,1900
666,408,1,1,1,2100
666,409,1,1,1,1900
666,409,1,1,1,2100
673,429,1,0,2,2100
673,430,1,0,2,2100
676,510,1,1,1,2100
680,202,1,0,9,1730
680,206,2,0,9,1930
680,209,3,0,9,1730
680,216,4,0,9,1730
680,222,5,3,3,1930
680,223,5,2,5,1800
680,224,5,1,2,1500
680,229,6,3,3,1930
680,230,6,2,5,1800
680,231,6,1,2,1500
680,237,7,4,5,1800
680,238,7,3,4,1500
680,244,8,4,5,1800
680,245,8,3,4,1500
680,257,9,2,3,1945
680,258,9,2,5,1500
680,259,9,1,3,1600
680,265,10,2,3,1945
680,265,10,2,5,1500
680,266,10,1,3,1600
680,272,11,2,3,1945
680,272,11,2,5,1730
680,272,11,1,3,1600
680,278,12,2,3,1945
680,279,12,4,6,1500
680,292,13,2,3,1945
680,292,13,2,5,1430
680,292,13,1,2,1600
680,302,14,2,3,1945
680,302,14,2,5,1430
680,302,14,1,2,1600
680,306,15,2,3,1945
680,307,15,2,5,1430
680,307,15,1,2,1815
680,327,16,2,3,1945
680,328,16,2,5,1430
680,329,16,1,2,1600
680,335,17,2,3,1945
680,335,17,2,5,1430
680,336,17,1,2,1600
680,397,18,2,3,1945
680,398,18,4,6,1430
680,405,19,2,3,1945
680,405,19,4,6,1430
680,413,20,2,3,1945
680,413,20,4,6,1430
680,420,21,2,3,1945
680,420,21,4,6,1430
680,427,22,2,3,1945
680,427,22,4,6,1430
680,433,23,2,3,1715
680,433,23,4,6,1930
680,441,24,2,3,1945
680,441,24,4,6,1830
680,441,24,1,2,1930
680,451,25,2,3,1230
680,451,25,4,6,1630
680,451,25,1,2,1930
680,454,26,2,3,1945
680,455,26,4,6,1830
680,455,26,1,2,1930
680,460,27,2,3,1945
680,461,27,4,6,1830
680,461,27,1,2,1930
680,469,28,4,6,1600
680,469,28,2,3,1930
680,476,29,4,6,1730
680,476,29,2,3,1930
680,483,30,4,6,1600
680,483,30,2,3,1930
680,517,31,9,9,1430
680,497,32,9,9,1430
680,504,33,9,9,1430
680,511,34,9,9,1430
680,490,35,9,9,1430
680,525,36,9,9,1430
683,202,1,0,9,1730
683,206,2,0,9,1930
683,209,3,0,9,1730
683,216,4,0,9,1730
683,222,5,3,3,1930
683,223,5,2,5,1800
683,224,5,1,2,1500
683,229,6,3,3,1930
683,230,6,2,5,1800
683,231,6,1,2,1500
683,237,7,4,5,1800
683,238,7,3,4,1500
683,244,8,4,5,1800
683,245,8,3,4,1500
683,257,9,2,3,1945
683,258,9,2,5,1500
683,259,9,1,3,1600
683,265,10,2,3,1945
683,265,10,2,5,1500
683,266,10,1,3,1600
683,272,11,2,3,1945
683,272,11,2,5,1730
683,272,11,1,3,1600
683,278,12,2,3,1945
683,279,12,4,6,1500
683,292,13,2,3,1945
683,292,13,2,5,1430
683,292,13,1,2,1600
683,302,14,2,3,1945
683,302,14,2,5,1430
683,302,14,1,2,1600
683,306,15,2,3,1945
683,307,15,2,5,1430
683,307,15,1,2,1815
683,327,16,2,3,1945
683,328,16,2,5,1430
683,329,16,1,2,1600
683,335,17,2,3,1945
683,335,17,2,5,1430
683,336,17,1,2,1600
683,397,18,2,3,1945
683,398,18,4,6,1430
683,405,19,2,3,1945
683,405,19,4,6,1430
683,413,20,2,3,1945
683,413,20,4,6,1430
683,420,21,2,3,1945
683,420,21,4,6,1430
683,427,22,2,3,1945
683,427,22,4,6,1430
683,433,23,2,3,1715
683,433,23,4,6,1930
683,441,24,2,3,1945
683,441,24,4,6,1830
683,441,24,1,2,1930
683,451,25,2,3,1230
683,451,25,4,6,1630
683,451,25,1,2,1930
683,454,26,2,3,1945
683,455,26,4,6,1830
683,455,26,1,2,1930
683,460,27,2,3,1945
683,461,27,4,6,1830
683,461,27,1,2,1930
683,469,28,4,6,1600
683,469,28,2,3,1930
683,476,29,4,6,1730
683,476,29,2,3,1930
683,483,30,4,6,1600
683,483,30,2,3,1930
683,517,31,9,9,1430
683,497,32,9,9,1430
683,504,33,9,9,1430
683,511,34,9,9,1430
683,490,35,9,9,1430
683,525,36,9,9,1430
686,220,1,1,1,1645
689,202,1,10,10,1730
689,206,2,10,10,1945
689,209,3,10,10,1730
689,216,4,10,10,1730
689,222,5,3,3,1930
689,223,5,2,5,1800
689,224,5,1,2,1500
689,227,6,3,3,1930
689,227,6,2,5,1800
689,227,6,1,2,1700
689,237,7,4,5,1800
689,238,7,3,6,1500
689,244,8,4,5,1800
689,245,8,3,6,1500
689,257,9,2,3,1945
689,258,9,2,5,1400
689,258,9,1,3,1845
689,265,10,2,3,1945
689,265,10,2,5,1400
689,265,10,1,3,1700
689,272,11,2,3,1945
689,272,11,2,5,1500
689,273,11,1,3,1600
689,278,12,2,3,1945
689,279,12,4,8,1500
689,292,13,2,3,1600
689,292,13,2,5,1730
689,292,13,1,2,2000
689,302,14,2,3,1945
689,303,14,2,5,1930
689,304,14,1,2,1845
689,306,15,2,3,1945
689,307,15,2,5,1430
689,307,15,1,2,1900
689,327,16,2,3,1945
689,328,16,2,5,1430
689,329,16,1,2,1600
689,335,17,2,3,1945
689,336,17,2,5,1430
689,337,17,1,2,1600
689,338,18,2,3,1945
689,339,18,2,5,1430
689,340,18,1,2,1600
689,390,19,2,3,1945
689,391,19,4,8,1430
689,398,20,2,3,1945
689,399,20,4,8,1430
689,405,21,2,3,1945
689,406,21,4,8,1430
689,412,22,2,3,1945
689,413,22,4,8,1430
689,419,23,2,3,1945
689,420,23,4,8,1430
689,426,24,2,3,1400
689,426,24,4,8,1830
689,433,25,2,3,1945
689,433,25,4,8,1830
689,441,26,2,3,1430
689,441,26,4,8,1600
689,441,26,1,2,1930
689,448,27,2,3,1945
689,449,27,4,6,1830
689,450,27,1,2,1930
689,453,28,2,3,1945
689,454,28,4,6,1830
689,455,28,1,2,1930
689,460,29,2,3,1945
689,461,29,4,6,1830
689,462,29,1,2,1930
689,469,30,4,8,1830
689,469,30,2,3,1930
689,476,31,4,8,1600
689,476,31,2,3,1930
689,483,32,4,8,1445
689,483,32,2,3,1930
689,490,33,10,10,1430
689,497,34,10,10,1430
689,504,35,10,10,1430
689,511,36,0,10,1430
689,514,37,0,10,1430
689,524,38,0,10,1430
689,528,39,0,10,1730
696,222,1,0,1,1900
696,222,1,0,1,2000
696,223,1,0,1,1530
696,223,1,0,1,1800
696,223,1,0,1,2030
696,224,1,0,1,1430
696,224,1,0,1,1600
696,224,1,0,1,1830
696,224,1,0,1,2030
696,225,1,0,1,1830
696,225,1,0,1,2030
707,303,1,4,4,1900
707,303,1,4,4,2030
707,304,1,4,4,1900
707,304,1,4,4,2030
722,352,1,2,4,1900
722,352,1,2,4,2030
722,353,1,2,4,1900
722,353,1,2,4,2030
739,381,1,2,4,1900
739,381,1,2,4,2030
739,382,1,2,4,1900
739,382,1,2,4,2030
748,408,1,1,1,1900
748,408,1,1,1,2030
748,409,1,1,1,1900
748,409,1,1,1,2030
755,478,1,1,1,2030
755,479,1,1,1,2030
758,510,1,1,1,2000
762,202,1,10,10,1730
762,206,2,10,10,1945
762,209,3,10,10,1730
762,216,4,10,10,1730
762,222,5,3,3,1930
762,223,5,2,5,1800
762,224,5,1,2,1500
762,227,6,3,3,1930
762,227,6,2,5,1800
762,227,6,1,2,1700
762,237,7,4,5,1800
762,238,7,3,6,1500
762,244,8,4,5,1800
762,245,8,3,6,1500
762,257,9,2,3,1945
762,258,9,2,5,1400
762,258,9,1,3,1845
762,265,10,2,3,1945
762,265,10,2,5,1400
762,265,10,1,3,1700
762,272,11,2,3,1945
762,272,11,2,5,1500
762,273,11,1,3,1600
762,278,12,2,3,1945
762,279,12,4,8,1500
762,292,13,2,3,1600
762,292,13,2,5,1730
762,292,13,1,2,2000
762,302,14,2,3,1945
762,303,14,2,5,1930
762,304,14,1,2,1845
762,306,15,2,3,1945
762,307,15,2,5,1430
762,307,15,1,2,1900
762,327,16,2,3,1945
762,328,16,2,5,1430
762,329,16,1,2,1600
762,335,17,2,3,1945
762,336,17,2,5,1430
762,337,17,1,2,1600
762,338,18,2,3,1945
762,339,18,2,5,1430
762,340,18,1,2,1600
762,390,19,2,3,1945
762,391,19,4,8,1430
762,398,20,2,3,1945
762,399,20,4,8,1430
762,405,21,2,3,1945
762,406,21,4,8,1430
762,412,22,2,3,1945
762,413,22,4,8,1430
762,419,23,2,3,1945
762,420,23,4,8,1430
762,426,24,2,3,1400
762,426,24,4,8,1830
762,433,25,2,3,1945
762,433,25,4,8,1830
762,441,26,2,3,1430
762,441,26,4,8,1600
762,441,26,1,2,1930
762,448,27,2,3,1945
762,449,27,4,6,1830
762,450,27,1,2,1930
762,453,28,2,3,1945
762,454,28,4,6,1830
762,455,28,1,2,1930
762,460,29,2,3,1945
762,461,29,4,6,1830
762,462,29,1,2,1930
762,469,30,4,8,1830
762,469,30,2,3,1930
762,476,31,4,8,1600
762,476,31,2,3,1930
762,483,32,4,8,1445
762,483,32,2,3,1930
762,490,33,10,10,1430
762,497,34,10,10,1430
762,504,35,10,10,1430
762,511,36,0,10,1430
762,514,37,0,10,1430
762,524,38,0,10,1430
762,528,39,0,10,1730
765,202,1,10,10,1730
765,206,2,10,10,1945
765,209,3,10,10,1730
765,216,4,10,10,1730
765,222,5,3,3,1930
765,223,5,2,5,1800
765,224,5,1,2,1500
765,227,6,3,3,1930
765,227,6,2,5,1800
765,227,6,1,2,1700
765,237,7,4,5,1800
765,238,7,3,6,1500
765,244,8,4,5,1800
765,245,8,3,6,1500
765,257,9,2,3,1945
765,258,9,2,5,1400
765,258,9,1,3,1845
765,265,10,2,3,1945
765,265,10,2,5,1400
765,265,10,1,3,1700
765,272,11,2,3,1945
765,272,11,2,5,1500
765,273,11,1,3,1600
765,278,12,2,3,1945
765,279,12,4,8,1500
765,292,13,2,3,1600
765,292,13,2,5,1730
765,292,13,1,2,2000
765,302,14,2,3,1945
765,303,14,2,5,1930
765,304,14,1,2,1845
765,306,15,2,3,1945
765,307,15,2,5,1430
765,307,15,1,2,1900
765,327,16,2,3,1945
765,328,16,2,5,1430
765,329,16,1,2,1600
765,335,17,2,3,1945
765,336,17,2,5,1430
765,337,17,1,2,1600
765,338,18,2,3,1945
765,339,18,2,5,1430
765,340,18,1,2,1600
765,390,19,2,3,1945
765,391,19,4,8,1430
765,398,20,2,3,1945
765,399,20,4,8,1430
765,405,21,2,3,1945
765,406,21,4,8,1430
765,412,22,2,3,1945
765,413,22,4,8,1430
765,419,23,2,3,1945
765,420,23,4,8,1430
765,426,24,2,3,1400
765,426,24,4,8,1830
765,433,25,2,3,1945
765,433,25,4,8,1830
765,441,26,2,3,1430
765,441,26,4,8,1600
765,441,26,1,2,1930
765,448,27,2,3,1945
765,449,27,4,6,1830
765,450,27,1,2,1930
765,453,28,2,3,1945
765,454,28,4,6,1830
765,455,28,1,2,1930
765,460,29,2,3,1945
765,461,29,4,6,1830
765,462,29,1,2,1930
765,469,30,4,8,1830
765,469,30,2,3,1930
765,476,31,4,8,1600
765,476,31,2,3,1930
765,483,32,4,8,1445
765,483,32,2,3,1930
765,490,33,10,10,1430
765,497,34,10,10,1430
765,504,35,10,10,1430
765,511,36,0,10,1430
765,514,37,0,10,1430
765,524,38,0,10,1430
765,528,39,0,10,1730
770,219,1,1,1,1730
770,220,1,1,1,1645
773,248,1,1,1,1930
776,202,1,10,10,1730
776,206,2,10,10,1945
776,209,3,10,10,1730
776,216,4,10,10,1730
776,222,5,3,3,1930
776,223,5,2,5,1800
776,224,5,1,2,1500
776,227,6,3,3,1930
776,227,6,2,5,1800
776,227,6,1,2,1700
776,237,7,4,5,1800
776,238,7,3,6,1500
776,244,8,4,5,1800
776,245,8,3,6,1500
776,257,9,2,3,1945
776,258,9,2,5,1400
776,258,9,1,3,1845
776,265,10,2,3,1945
776,265,10,2,5,1400
776,265,10,1,3,1700
776,272,11,2,3,1945
776,272,11,2,5,1500
776,273,11,1,3,1600
776,278,12,2,3,1945
776,279,12,4,8,1500
776,292,13,2,3,1600
776,292,13,2,5,1730
776,292,13,1,2,2000
776,302,14,2,3,1945
776,303,14,2,5,1930
776,304,14,1,2,1845
776,306,15,2,3,1945
776,307,15,2,5,1430
776,307,15,1,2,1900
776,327,16,2,3,1945
776,328,16,2,5,1430
776,329,16,1,2,1600
776,335,17,2,3,1945
776,336,17,2,5,1430
776,337,17,1,2,1600
776,338,18,2,3,1945
776,339,18,2,5,1430
776,340,18,1,2,1600
776,390,19,2,3,1945
776,391,19,4,8,1430
776,398,20,2,3,1945
776,399,20,4,8,1430
776,405,21,2,3,1945
776,406,21,4,8,1430
776,412,22,2,3,1945
776,413,22,4,8,1430
776,419,23,2,3,1945
776,420,23,4,8,1430
776,426,24,2,3,1400
776,426,24,4,8,1830
776,433,25,2,3,1945
776,433,25,4,8,1830
776,441,26,2,3,1430
776,441,26,4,8,1600
776,441,26,1,2,1930
776,448,27,2,3,1945
776,449,27,4,6,1830
776,450,27,1,2,1930
776,453,28,2,3,1945
776,454,28,4,6,1830
776,455,28,1,2,1930
776,460,29,2,3,1945
776,461,29,4,6,1830
776,462,29,1,2,1930
776,469,30,4,8,1830
776,469,30,2,3,1930
776,476,31,4,8,1600
776,476,31,2,3,1930
776,483,32,4,8,1445
776,483,32,2,3,1930
776,490,33,10,10,1430
776,497,34,10,10,1430
776,504,35,10,10,1430
776,511,36,0,10,1430
776,514,37,0,10,1430
776,524,38,0,10,1430
776,528,39,0,10,1730
786,224,1,4,4,2045
794,230,1,8,8,2030
794,231,1,8,8,2030
811,262,1,0,2,2030
811,268,1,1,4,2030
811,269,1,2,4,2030
811,270,1,1,4,2030
820,352,1,4,4,2100
820,353,1,4,4,2100
820,359,1,0,2,2100
820,360,1,0,2,2100
829,401,1,2,2,2045
829,402,1,2,2,2045
834,429,1,1,1,2100
834,430,1,1,1,2100
834,478,2,1,1,2100
834,479,2,1,1,2100
837,500,1,1,1,2045
841,202,1,0,9,1730
841,206,2,0,9,1945
841,209,3,0,9,1730
841,216,4,0,9,1730
841,223,5,3,3,1500
841,223,5,2,5,1800
841,224,5,1,2,1500
841,229,6,3,3,1930
841,230,6,2,5,1800
841,231,6,1,2,1500
841,237,7,4,5,1800
841,238,7,3,4,1500
841,244,8,4,5,1800
841,245,8,3,4,1500
841,257,9,2,3,1945
841,258,9,2,5,1500
841,258,9,1,3,1830
841,265,10,2,3,1945
841,265,10,2,5,1230
841,265,10,1,3,1600
841,271,11,2,3,1945
841,272,11,2,5,1500
841,273,11,1,3,1600
841,278,12,2,3,1945
841,279,12,4,6,1500
841,290,13,2,3,1945
841,291,13,2,5,1430
841,292,13,1,2,1600
841,302,14,2,3,1945
841,302,14,2,5,1430
841,303,14,1,2,1600
841,306,15,2,3,1945
841,307,15,2,5,1430
841,308,15,1,2,1600
841,327,16,2,3,1945
841,328,16,2,5,1430
841,329,16,1,2,1600
841,336,17,2,3,1945
841,336,17,2,5,1430
841,336,17,1,2,1600
841,397,18,2,3,1945
841,398,18,4,6,1430
841,405,19,2,3,1945
841,406,19,4,6,1430
841,412,20,2,3,1945
841,413,20,4,6,1430
841,420,21,2,3,1945
841,420,21,4,6,1430
841,427,22,2,3,1945
841,427,22,4,6,1430
841,430,23,2,3,1945
841,431,23,4,6,1830
841,441,24,2,3,1430
841,441,24,4,6,1630
841,441,24,1,2,1930
841,448,25,2,3,1945
841,448,25,4,6,1630
841,448,25,1,2,1230
841,453,26,2,3,1945
841,454,26,4,6,1830
841,455,26,1,2,1930
841,460,27,2,3,1945
841,461,27,4,6,1830
841,462,27,1,2,1930
841,469,28,4,6,1600
841,469,28,2,3,1930
841,476,29,4,6,1630
841,476,29,2,3,1930
841,483,30,4,6,1830
841,483,30,2,3,1930
841,490,31,9,9,1430
841,497,32,9,9,1430
841,504,33,9,9,1430
841,511,34,9,9,1430
841,518,35,9,9,1430
841,525,36,9,9,1430
845,202,1,0,9,1730
845,206,2,0,9,1930
845,209,3,0,9,1730
845,216,4,0,9,1730
845,222,5,3,3,1930
845,223,5,2,5,1800
845,224,5,1,2,1500
845,229,6,3,3,1930
845,230,6,2,5,1800
845,231,6,1,2,1500
845,237,7,4,5,1800
845,238,7,3,4,1500
845,244,8,4,5,1800
845,245,8,3,4,1500
845,257,9,2,3,1945
845,258,9,2,5,1500
845,259,9,1,3,1600
845,265,10,2,3,1945
845,265,10,2,5,1500
845,266,10,1,3,1600
845,272,11,2,3,1945
845,272,11,2,5,1730
845,272,11,1,3,1600
845,278,12,2,3,1945
845,279,12,4,6,1500
845,292,13,2,3,1945
845,292,13,2,5,1430
845,292,13,1,2,1600
845,301,14,2,3,1945
845,301,14,2,5,1430
845,301,14,1,2,1600
845,306,15,2,3,1945
845,307,15,2,5,1430
845,307,15,1,2,1815
845,327,16,2,3,1945
845,328,16,2,5,1430
845,329,16,1,2,1600
845,335,17,2,3,1945
845,335,17,2,5,1430
845,336,17,1,2,1600
845,397,18,2,3,1945
845,398,18,4,6,1430
845,405,19,2,3,1945
845,405,19,4,6,1430
845,412,20,2,3,1945
845,413,20,4,6,1430
845,420,21,2,3,1945
845,420,21,4,6,1430
845,427,22,2,3,1945
845,427,22,4,6,1430
845,430,23,2,3,1945
845,431,23,4,6,1830
845,441,24,2,3,1945
845,441,24,4,6,1830
845,441,24,1,2,1930
845,448,25,2,3,1230
845,448,25,4,6,1630
845,448,25,1,2,1930
845,453,26,2,3,1945
845,454,26,4,6,1830
845,455,26,1,2,1930
845,460,27,2,3,1945
845,461,27,4,6,1830
845,461,27,1,2,1930
845,469,28,4,6,1600
845,469,28,2,3,1930
845,475,29,4,6,1730
845,475,29,2,3,1930
845,483,30,4,6,1600
845,483,30,2,3,1930
845,490,31,9,9,1430
845,497,32,9,9,1430
845,504,33,9,9,1430
845,511,34,9,9,1430
845,521,35,9,9,1430
845,525,36,9,9,1430
848,202,1,0,9,1730
848,206,2,0,9,1930
848,209,3,0,9,1730
848,216,4,0,9,1730
848,222,5,3,3,1930
848,223,5,2,5,1800
848,224,5,1,2,1500
848,229,6,3,3,1930
848,230,6,2,5,1800
848,231,6,1,2,1500
848,237,7,4,5,1800
848,238,7,3,4,1500
848,244,8,4,5,1800
848,245,8,3,4,1500
848,257,9,2,3,1945
848,258,9,2,5,1500
848,259,9,1,3,1600
848,265,10,2,3,1945
848,265,10,2,5,1500
848,266,10,1,3,1600
848,272,11,2,3,1945
848,272,11,2,5,1730
848,272,11,1,3,1600
848,278,12,2,3,1945
848,279,12,4,6,1500
848,292,13,2,3,1945
848,292,13,2,5,1430
848,292,13,1,2,1600
848,301,14,2,3,1945
848,301,14,2,5,1430
848,301,14,1,2,1600
848,306,15,2,3,1945
848,307,15,2,5,1430
848,307,15,1,2,1815
848,327,16,2,3,1945
848,328,16,2,5,1430
848,329,16,1,2,1600
848,335,17,2,3,1945
848,335,17,2,5,1430
848,336,17,1,2,1600
848,397,18,2,3,1945
848,398,18,4,6,1430
848,405,19,2,3,1945
848,405,19,4,6,1430
848,412,20,2,3,1945
848,413,20,4,6,1430
848,420,21,2,3,1945
848,420,21,4,6,1430
848,427,22,2,3,1945
848,427,22,4,6,1430
848,430,23,2,3,1945
848,431,23,4,6,1830
848,441,24,2,3,1945
848,441,24,4,6,1830
848,441,24,1,2,1930
848,448,25,2,3,1230
848,448,25,4,6,1630
848,448,25,1,2,1930
848,453,26,2,3,1945
848,454,26,4,6,1830
848,455,26,1,2,1930
848,460,27,2,3,1945
848,461,27,4,6,1830
848,461,27,1,2,1930
848,469,28,4,6,1600
848,469,28,2,3,1930
848,475,29,4,6,1730
848,475,29,2,3,1930
848,483,30,4,6,1600
848,483,30,2,3,1930
848,490,31,9,9,1430
848,497,32,9,9,1430
848,504,33,9,9,1430
848,511,34,9,9,1430
848,521,35,9,9,1430
848,525,36,9,9,1430
851,220,1,1,1,1645
854,224,1,2,4,1400
854,224,1,2,4,1600
854,224,1,2,4,1800
854,224,1,2,4,2000
854,231,2,2,4,1400
854,231,2,2,4,1600
854,231,2,2,4,1800
854,231,2,2,4,2000
854,238,3,2,4,1400
854,238,3,2,4,1600
854,238,3,2,4,1800
854,238,3,2,4,2000
854,245,4,2,4,1400
854,245,4,2,4,1600
854,245,4,2,4,1800
854,245,4,2,4,2000
854,259,5,2,4,1400
854,259,5,2,4,1600
854,259,5,2,4,1800
854,259,5,2,4,2000
854,266,6,2,4,1400
854,266,6,2,4,1600
854,266,6,2,4,1800
854,266,6,2,4,2000
854,273,7,2,4,1400
854,273,7,2,4,1600
854,273,7,2,4,1800
854,273,7,2,4,2000
854,280,8,2,4,1400
854,280,8,2,4,1600
854,280,8,2,4,1800
854,280,8,2,4,2000
854,301,9,2,4,1400
854,301,9,2,4,1600
854,301,9,2,4,1800
854,301,9,2,4,2000
854,308,10,2,4,1400
854,308,10,2,4,1600
854,308,10,2,4,1800
854,308,10,2,4,2000
854,315,11,2,4,1400
854,315,11,2,4,1600
854,315,11,2,4,1800
854,315,11,2,4,2000
854,336,12,2,4,1400
854,336,12,2,4,1600
854,336,12,2,4,1800
854,336,12,2,4,2000
854,343,13,2,4,1400
854,343,13,2,4,1600
854,343,13,2,4,1800
854,343,13,2,4,2000
854,350,14,2,4,1400
854,350,14,2,4,1600
854,350,14,2,4,1800
854,350,14,2,4,2000
854,357,15,2,4,1400
854,357,15,2,4,1600
854,357,15,2,4,1800
854,357,15,2,4,2000
854,378,16,2,4,1400
854,378,16,2,4,1600
854,378,16,2,4,1800
854,378,16,2,4,2000
854,385,17,2,4,1400
854,385,17,2,4,1600
854,385,17,2,4,1800
854,385,17,2,4,2000
854,392,18,2,4,1400
854,392,18,2,4,1600
854,392,18,2,4,1800
854,392,18,2,4,2000
858,399,1,2,3,1600
858,406,2,2,3,1600
858,409,3,2,3,1600
858,413,4,2,3,1600
858,420,5,2,3,1600
858,427,6,2,3,1600
858,434,7,2,3,1600
858,441,8,2,3,1600
858,448,9,2,3,1600
858,462,10,2,3,1600
858,469,11,2,3,1600
858,483,12,2,3,1600
858,490,13,2,3,1600
858,497,14,2,3,1600
858,399,1,2,3,1800
858,406,2,2,3,1800
858,409,3,2,3,1800
858,413,4,2,3,1800
858,420,5,2,3,1800
858,427,6,2,3,1800
858,434,7,2,3,1800
858,441,8,2,3,1800
858,448,9,2,3,1800
858,462,10,2,3,1800
858,469,11,2,3,1800
858,483,12,2,3,1800
858,490,13,2,3,1800
858,497,14,2,3,1800
864,216,1,0,24,1945
864,217,1,0,24,1945
889,338,1,0,16,1945
889,339,1,0,16,1945
906,380,1,0,4,1945
906,381,1,0,4,1945
906,382,1,0,4,1945
915,401,1,0,3,1945
915,402,1,0,2,1945
915,403,1,0,1,1945
921,429,1,0,1,2015
921,430,1,1,1,2015
921,478,2,0,1,1945
921,479,2,1,1,1945
922,429,1,1,1,1945
922,430,1,0,1,1945
922,478,2,1,1,2015
922,479,2,0,1,2015
923,510,1,1,1,2015
927,216,1,2,5,1500
927,217,1,1,3,1230
927,223,2,2,5,1500
927,224,2,1,3,1230
927,230,3,2,5,1500
927,231,3,1,3,1300
927,237,4,2,4,1500
927,238,4,1,2,1600
927,239,4,1,1,1945
927,244,5,2,5,1500
927,245,5,1,3,1600
927,258,6,2,5,1500
927,259,6,1,3,1230
927,260,6,1,1,2000
927,265,7,2,5,1500
927,266,7,1,3,1600
927,272,8,2,5,1500
927,273,8,1,3,1500
927,279,9,2,5,1500
927,280,9,1,3,1600
927,281,9,1,1,1945
927,293,10,2,6,1500
927,294,10,1,2,1600
927,300,11,2,5,1500
927,301,11,1,3,1600
927,304,12,3,6,1945
927,304,12,1,2,2000
927,306,13,1,2,2000
927,307,13,2,5,1500
927,308,13,0,2,1600
927,309,13,1,1,2000
927,314,14,2,5,1500
927,315,14,1,2,1600
927,316,14,0,1,1945
927,328,15,2,5,1500
927,329,15,1,3,1300
927,335,16,3,5,1500
927,336,16,1,3,1600
927,342,17,2,5,1500
927,343,17,1,2,1600
927,344,17,1,1,1945
927,349,18,2,5,1500
927,350,18,1,3,1600
927,356,19,2,5,1500
927,357,19,1,3,1600
927,361,20,6,6,1500
927,366,21,1,3,1200
927,366,21,3,5,1500
927,370,22,1,3,1230
927,370,22,2,5,1500
927,391,23,2,6,1500
927,392,23,1,2,1600
927,398,24,2,6,1500
927,399,24,1,2,1600
927,405,25,2,5,1500
927,406,25,1,3,1600
927,419,26,2,5,1500
927,420,26,1,3,1600
927,426,27,2,5,1500
927,427,27,1,3,1300
927,409,28,6,6,2000
927,433,29,1,1,1200
927,433,29,2,5,1500
927,440,30,2,5,1500
927,441,30,1,3,1230
927,448,31,6,6,1600
927,461,32,6,6,1500
927,468,33,2,5,1500
927,469,33,0,4,1600
929,520,1,2,4,1945
929,521,1,4,5,1945
929,482,2,4,6,1600
929,483,2,0,2,1500
929,489,3,4,6,1600
929,490,3,0,2,1500
929,510,4,4,6,1600
929,511,4,2,3,1500
929,504,5,6,6,1600
933,202,1,10,10,1730
933,206,2,10,10,1945
933,209,3,10,10,1730
933,216,4,10,10,1730
933,222,5,3,3,1930
933,223,5,2,5,1800
933,224,5,1,2,1500
933,227,6,3,3,1930
933,227,6,2,5,1800
933,227,6,1,2,1700
933,237,7,4,5,1800
933,238,7,3,6,1500
933,244,8,4,5,1800
933,245,8,3,6,1500
933,257,9,2,3,1945
933,258,9,2,5,1400
933,258,9,1,3,1845
933,265,10,2,3,1945
933,265,10,2,5,1400
933,265,10,1,3,1700
933,272,11,2,3,1945
933,272,11,2,5,1500
933,273,11,1,3,1600
933,278,12,2,3,1945
933,279,12,4,8,1500
933,292,13,2,3,1600
933,292,13,2,5,1730
933,292,13,1,2,2000
933,302,14,2,3,1945
933,303,14,2,5,1930
933,304,14,1,2,1845
933,306,15,2,3,1945
933,307,15,2,5,1430
933,307,15,1,2,1900
933,327,16,2,3,1945
933,328,16,2,5,1430
933,329,16,1,2,1600
933,335,17,2,3,1945
933,336,17,2,5,1430
933,337,17,1,2,1600
933,338,18,2,3,1945
933,339,18,2,5,1430
933,340,18,1,2,1600
933,390,19,2,3,1945
933,391,19,4,8,1430
933,398,20,2,3,1945
933,399,20,4,8,1430
933,405,21,2,3,1945
933,406,21,4,8,1430
933,412,22,2,3,1945
933,413,22,4,8,1430
933,419,23,2,3,1945
933,420,23,4,8,1430
933,426,24,2,3,1400
933,426,24,4,8,1830
933,433,25,2,3,1945
933,433,25,4,8,1830
933,441,26,2,3,1430
933,441,26,4,8,1600
933,441,26,1,2,1930
933,448,27,2,3,1945
933,449,27,4,6,1830
933,450,27,1,2,1930
933,453,28,2,3,1945
933,454,28,4,6,1830
933,455,28,1,2,1930
933,460,29,2,3,1945
933,461,29,4,6,1830
933,462,29,1,2,1930
933,469,30,4,8,1830
933,469,30,2,3,1930
933,476,31,4,8,1600
933,476,31,2,3,1930
933,483,32,4,8,1445
933,483,32,2,3,1930
933,490,33,10,10,1430
933,497,34,10,10,1430
933,504,35,10,10,1430
933,511,36,0,10,1430
933,514,37,0,10,1430
933,524,38,0,10,1430
933,528,39,0,10,1730
936,518,1,3,4,1230
936,518,1,3,5,1745
936,518,1,0,4,2000
936,201,2,3,4,1900
936,202,2,3,5,1600
936,203,2,0,4,1230
936,205,3,3,4,2000
936,206,3,3,5,1800
936,207,3,0,4,2045
936,208,4,3,4,1845
936,209,4,3,5,1600
936,210,4,0,4,1815
936,215,5,3,4,1500
936,216,5,3,5,1600
936,216,5,0,4,1600
936,219,6,3,4,1845
936,220,6,3,5,1615
936,220,6,0,4,1915
936,223,7,3,4,1500
936,223,7,3,5,1600
936,224,7,0,4,1600
936,227,8,3,4,1815
936,227,8,3,5,1945
936,227,8,0,4,1900
936,234,9,3,4,1500
936,234,9,3,5,1700
936,234,9,0,4,1930
936,237,10,3,4,1730
936,237,10,3,5,2030
936,238,10,0,4,1400
936,240,11,3,4,1930
936,241,11,3,5,2200
936,241,11,0,4,2030
936,250,12,3,4,1930
936,250,12,3,5,1700
936,251,12,0,4,1230
936,254,13,3,4,1930
936,255,13,3,5,1700
936,255,13,0,4,1230
936,257,14,3,4,1930
936,258,14,3,5,1700
936,258,14,0,4,1230
936,265,15,3,4,1930
936,265,15,3,5,1700
936,265,15,0,4,1230
936,272,16,3,4,1930
936,272,16,3,5,1700
936,272,16,0,4,1230
936,279,17,3,4,1930
936,279,17,3,5,1700
936,279,17,0,4,1230
936,289,18,3,4,1930
936,290,18,3,5,1700
936,291,18,0,4,1230
936,286,19,3,4,1930
936,286,19,3,5,1700
936,286,19,0,4,1230
936,306,20,3,4,1930
936,307,20,3,5,1700
936,307,20,0,4,1230
936,313,21,3,4,1930
936,314,21,3,5,1700
936,315,21,0,4,1230
936,320,22,3,4,1930
936,321,22,3,5,1700
936,322,22,0,4,1230
936,327,23,3,4,1930
936,328,23,3,5,1700
936,329,23,0,4,1230
936,335,24,3,4,1930
936,336,24,3,5,1700
936,336,24,0,4,1230
936,338,25,3,4,1930
936,339,25,3,5,1700
936,340,25,0,4,1230
936,376,26,3,4,1930
936,377,26,3,5,1700
936,378,26,0,4,1230
936,383,27,3,4,1930
936,384,27,3,5,1700
936,385,27,0,4,1230
936,390,28,3,4,1930
936,391,28,3,5,1700
936,392,28,0,4,1230
936,399,29,3,4,1930
936,399,29,3,5,1700
936,399,29,0,4,1230
936,404,30,3,4,1930
936,405,30,3,5,1700
936,406,30,0,4,1230
936,411,31,3,4,1930
936,412,31,3,5,1700
936,413,31,0,4,1230
936,420,32,3,4,1930
936,420,32,3,5,1700
936,420,32,0,4,1230
936,291,33,3,4,1930
936,292,33,3,5,1700
936,292,33,0,4,1230
936,433,34,3,4,1930
936,433,34,3,5,1700
936,434,34,0,4,1230
936,441,35,3,4,1930
936,441,35,3,5,1700
936,441,35,0,4,1230
936,448,36,3,4,1930
936,448,36,3,5,1700
936,448,36,0,4,1230
936,460,37,3,4,1930
936,461,37,3,5,1700
936,462,37,0,4,1230
936,469,38,3,4,1930
936,469,38,3,5,1700
936,469,38,0,4,1230
936,476,39,3,4,1930
936,476,39,3,5,1700
936,476,39,0,4,1230
936,483,40,3,4,1930
936,483,40,3,5,1700
936,483,40,0,4,1230
936,496,41,3,4,1930
936,496,41,3,5,1700
936,497,41,0,4,1230
936,504,42,0,11,1230
936,511,43,0,11,1230
936,525,44,0,11,1230
941,219,1,1,1,1730
941,220,1,1,1,1645
944,248,1,1,1,1930
947,518,1,3,4,1230
947,518,1,3,5,1745
947,518,1,0,4,2000
947,201,2,3,4,1900
947,202,2,3,5,1600
947,203,2,0,4,1230
947,205,3,3,4,2000
947,206,3,3,5,1800
947,207,3,0,4,2045
947,208,4,3,4,1845
947,209,4,3,5,1600
947,210,4,0,4,1815
947,215,5,3,4,1500
947,216,5,3,5,1600
947,216,5,0,4,1600
947,219,6,3,4,1845
947,220,6,3,5,1615
947,220,6,0,4,1915
947,223,7,3,4,1500
947,223,7,3,5,1600
947,224,7,0,4,1600
947,227,8,3,4,1815
947,227,8,3,5,1945
947,227,8,0,4,1900
947,234,9,3,4,1500
947,234,9,3,5,1700
947,234,9,0,4,1930
947,237,10,3,4,1730
947,237,10,3,5,2030
947,238,10,0,4,1400
947,240,11,3,4,1930
947,241,11,3,5,2200
947,241,11,0,4,2030
947,250,12,3,4,1930
947,250,12,3,5,1700
947,251,12,0,4,1230
947,254,13,3,4,1930
947,255,13,3,5,1700
947,255,13,0,4,1230
947,257,14,3,4,1930
947,258,14,3,5,1700
947,258,14,0,4,1230
947,265,15,3,4,1930
947,265,15,3,5,1700
947,265,15,0,4,1230
947,272,16,3,4,1930
947,272,16,3,5,1700
947,272,16,0,4,1230
947,279,17,3,4,1930
947,279,17,3,5,1700
947,279,17,0,4,1230
947,289,18,3,4,1930
947,290,18,3,5,1700
947,291,18,0,4,1230
947,286,19,3,4,1930
947,286,19,3,5,1700
947,286,19,0,4,1230
947,306,20,3,4,1930
947,307,20,3,5,1700
947,307,20,0,4,1230
947,313,21,3,4,1930
947,314,21,3,5,1700
947,315,21,0,4,1230
947,320,22,3,4,1930
947,321,22,3,5,1700
947,322,22,0,4,1230
947,327,23,3,4,1930
947,328,23,3,5,1700
947,329,23,0,4,1230
947,335,24,3,4,1930
947,336,24,3,5,1700
947,336,24,0,4,1230
947,338,25,3,4,1930
947,339,25,3,5,1700
947,340,25,0,4,1230
947,376,26,3,4,1930
947,377,26,3,5,1700
947,378,26,0,4,1230
947,383,27,3,4,1930
947,384,27,3,5,1700
947,385,27,0,4,1230
947,390,28,3,4,1930
947,391,28,3,5,1700
947,392,28,0,4,1230
947,399,29,3,4,1930
947,399,29,3,5,1700
947,399,29,0,4,1230
947,404,30,3,4,1930
947,405,30,3,5,1700
947,406,30,0,4,1230
947,411,31,3,4,1930
947,412,31,3,5,1700
947,413,31,0,4,1230
947,420,32,3,4,1930
947,420,32,3,5,1700
947,420,32,0,4,1230
947,291,33,3,4,1930
947,292,33,3,5,1700
947,292,33,0,4,1230
947,433,34,3,4,1930
947,433,34,3,5,1700
947,434,34,0,4,1230
947,441,35,3,4,1930
947,441,35,3,5,1700
947,441,35,0,4,1230
947,448,36,3,4,1930
947,448,36,3,5,1700
947,448,36,0,4,1230
947,460,37,3,4,1930
947,461,37,3,5,1700
947,462,37,0,4,1230
947,469,38,3,4,1930
947,469,38,3,5,1700
947,469,38,0,4,1230
947,476,39,3,4,1930
947,476,39,3,5,1700
947,476,39,0,4,1230
947,483,40,3,4,1930
947,483,40,3,5,1700
947,483,40,0,4,1230
947,496,41,3,4,1930
947,496,41,3,5,1700
947,497,41,0,4,1230
947,504,42,0,11,1230
947,511,43,0,11,1230
947,525,44,0,11,1230
955,338,1,4,11,2030
955,338,1,1,5,2230
955,339,1,2,9,1930
955,339,1,1,5,2130
986,352,1,3,5,2000
986,352,1,1,3,2200
986,353,1,3,5,2000
986,353,1,2,5,2200
986,360,1,0,2,2000
1003,380,1,2,3,2000
1003,380,1,1,3,2200
1003,381,1,2,3,2000
1003,381,1,1,3,2200
1012,402,1,1,1,2000
1012,402,1,1,2,2200
1012,403,1,1,1,2000
1012,403,1,1,2,2200
1018,408,1,1,1,2100
1018,409,1,0,1,2100
1018,430,2,1,1,2100
1019,409,1,1,1,2100
1019,429,2,1,1,2100
1019,430,2,0,1,2100
1020,482,1,1,1,2100
1020,483,1,0,1,2100
1024,202,1,9,9,1730
1024,206,2,9,9,1945
1024,209,3,9,9,1730
1024,216,4,9,9,1730
1024,222,5,3,3,1930
1024,223,5,2,5,1800
1024,224,5,1,2,1500
1024,229,6,3,3,1930
1024,230,6,2,5,1800
1024,231,6,1,2,1500
1024,237,7,4,5,1800
1024,238,7,3,4,1500
1024,244,8,4,5,1800
1024,245,8,3,4,1500
1024,257,9,2,3,1945
1024,258,9,2,5,1500
1024,259,9,1,3,1600
1024,264,10,2,3,1945
1024,265,10,2,5,1500
1024,266,10,1,3,1600
1024,271,11,2,3,1945
1024,272,11,2,5,1500
1024,273,11,1,3,1600
1024,278,12,2,3,1945
1024,279,12,4,6,1500
1024,292,13,2,3,1945
1024,293,13,2,5,1430
1024,293,13,1,2,1600
1024,301,14,2,3,1945
1024,301,14,2,5,1430
1024,301,14,1,2,1600
1024,306,15,2,3,1945
1024,307,15,2,5,1430
1024,307,15,1,2,1600
1024,327,16,2,3,1945
1024,328,16,2,5,1430
1024,329,16,1,2,1600
1024,336,17,2,3,1945
1024,336,17,2,5,1430
1024,336,17,1,2,1600
1024,338,18,2,3,1945
1024,339,18,2,5,1430
1024,340,18,1,2,1600
1024,390,19,2,3,1945
1024,391,19,4,6,1430
1024,397,20,2,3,1945
1024,398,20,4,6,1430
1024,405,21,2,3,1945
1024,406,21,4,6,1430
1024,412,22,2,3,1945
1024,413,22,4,6,1430
1024,420,23,2,3,1945
1024,420,23,4,6,1430
1024,427,24,2,3,1945
1024,427,24,4,6,1430
1024,430,25,2,3,1945
1024,431,25,4,6,1830
1024,441,26,2,3,1945
1024,441,26,4,6,1830
1024,441,26,1,2,1930
1024,448,27,2,3,1945
1024,448,27,4,6,1830
1024,448,27,1,2,1930
1024,453,28,2,3,1945
1024,454,28,4,6,1830
1024,455,28,1,2,1930
1024,460,29,2,3,1945
1024,461,29,4,6,1830
1024,462,29,1,2,1930
1024,469,30,4,6,1430
1024,469,30,2,3,1930
1024,476,31,4,6,1830
1024,476,31,2,3,1930
1024,483,32,4,6,1830
1024,483,32,2,3,1930
1024,490,33,9,9,1430
1024,497,34,9,9,1430
1024,504,35,9,9,1430
1024,511,36,0,9,1430
1024,493,37,0,9,1430
1024,507,38,0,9,1430
1024,521,39,0,9,1430
1028,202,1,0,9,1730
1028,206,2,0,9,1945
1028,209,3,0,9,1730
1028,216,4,0,9,1730
1028,223,5,3,3,1500
1028,223,5,2,5,1800
1028,224,5,1,2,1500
1028,229,6,3,3,1930
1028,230,6,2,5,1800
1028,231,6,1,2,1500
1028,237,7,4,5,1800
1028,238,7,3,4,1500
1028,244,8,4,5,1800
1028,245,8,3,4,1500
1028,257,9,2,3,1945
1028,258,9,2,5,1500
1028,258,9,1,3,1830
1028,265,10,2,3,1945
1028,265,10,2,5,1230
1028,265,10,1,3,1600
1028,271,11,2,3,1945
1028,272,11,2,5,1500
1028,273,11,1,3,1600
1028,278,12,2,3,1945
1028,279,12,4,6,1500
1028,290,13,2,3,1945
1028,291,13,2,5,1430
1028,292,13,1,2,1600
1028,302,14,2,3,1945
1028,302,14,2,5,1430
1028,303,14,1,2,1600
1028,306,15,2,3,1945
1028,307,15,2,5,1430
1028,308,15,1,2,1600
1028,327,16,2,3,1945
1028,328,16,2,5,1430
1028,329,16,1,2,1600
1028,336,17,2,3,1945
1028,336,17,2,5,1430
1028,336,17,1,2,1600
1028,397,18,2,3,1945
1028,398,18,4,6,1430
1028,405,19,2,3,1945
1028,406,19,4,6,1430
1028,412,20,2,3,1945
1028,413,20,4,6,1430
1028,420,21,2,3,1945
1028,420,21,4,6,1430
1028,427,22,2,3,1945
1028,427,22,4,6,1430
1028,430,23,2,3,1945
1028,431,23,4,6,1830
1028,441,24,2,3,1430
1028,441,24,4,6,1630
1028,441,24,1,2,1930
1028,448,25,2,3,1945
1028,448,25,4,6,1630
1028,448,25,1,2,1230
1028,453,26,2,3,1945
1028,454,26,4,6,1830
1028,455,26,1,2,1930
1028,460,27,2,3,1945
1028,461,27,4,6,1830
1028,462,27,1,2,1930
1028,469,28,4,6,1600
1028,469,28,2,3,1930
1028,476,29,4,6,1630
1028,476,29,2,3,1930
1028,483,30,4,6,1830
1028,483,30,2,3,1930
1028,490,31,9,9,1430
1028,497,32,9,9,1430
1028,504,33,9,9,1430
1028,511,34,9,9,1430
1028,521,35,9,9,1430
1028,525,36,9,9,1430
1032,203,1,0,9,1730
1032,206,2,0,9,1930
1032,209,3,0,9,1730
1032,216,4,0,9,1730
1032,222,5,3,3,1930
1032,223,5,2,5,1800
1032,224,5,1,2,1500
1032,229,6,3,3,1930
1032,230,6,2,5,1800
1032,231,6,1,2,1500
1032,237,7,4,5,1800
1032,238,7,3,4,1500
1032,244,8,4,5,1800
1032,245,8,3,4,1500
1032,257,9,2,3,1945
1032,258,9,2,5,1500
1032,259,9,1,3,1600
1032,265,10,2,3,1945
1032,265,10,2,5,1230
1032,265,10,1,3,1600
1032,272,11,2,3,1945
1032,272,11,2,5,1230
1032,272,11,1,3,1600
1032,278,12,2,3,1945
1032,279,12,4,6,1500
1032,290,13,2,3,1945
1032,291,13,2,5,1430
1032,292,13,1,2,1600
1032,301,14,2,3,1945
1032,302,14,2,5,1430
1032,302,14,1,2,1700
1032,306,15,2,3,1945
1032,307,15,2,5,1430
1032,307,15,1,2,1700
1032,329,16,2,3,1945
1032,328,16,2,5,1430
1032,329,16,1,2,1600
1032,336,17,2,3,1945
1032,336,17,2,5,1430
1032,336,17,1,2,1600
1032,405,18,2,3,1945
1032,406,18,4,6,1430
1032,412,19,2,3,1945
1032,413,19,4,6,1430
1032,420,20,2,3,1430
1032,421,20,4,6,1945
1032,428,21,2,3,1945
1032,427,21,4,6,1430
1032,430,22,2,3,1945
1032,431,22,4,6,1830
1032,453,23,2,3,1945
1032,454,23,4,6,1830
1032,455,23,1,2,1930
1032,460,24,2,3,1945
1032,461,24,4,6,1830
1032,462,24,1,2,1930
1032,468,25,4,6,1700
1032,468,25,2,3,1930
1032,476,26,4,6,1600
1032,477,26,2,3,1930
1032,483,27,4,6,1430
1032,483,27,2,3,1930
1032,490,28,9,9,1430
1032,497,29,9,9,1430
1032,504,30,9,9,1430
1032,511,31,9,9,1430
1032,521,32,9,9,1430
1036,209,1,1,1,1745
1036,209,1,1,1,2000
1036,210,1,1,3,1345
1036,210,1,1,2,1600
1036,216,2,1,1,1745
1036,216,2,1,1,2000
1036,217,2,1,3,1345
1036,217,2,1,2,1600
1036,223,3,1,1,1745
1036,223,3,1,1,2000
1036,224,3,1,3,1345
1036,224,3,1,2,1600
1036,230,4,3,4,1745
1036,231,4,1,3,1600
1036,237,5,1,1,1745
1036,237,5,1,1,2000
1036,238,5,1,3,1345
1036,238,5,1,2,1600
1036,244,6,1,1,1745
1036,244,6,1,1,2000
1036,245,6,1,3,1345
1036,245,6,1,2,1600
1036,258,7,1,1,1745
1036,258,7,1,1,2000
1036,259,7,1,3,1345
1036,259,7,1,2,1600
1036,265,8,2,4,1945
1036,266,8,2,3,1945
1036,272,9,1,1,1745
1036,272,9,1,1,2000
1036,273,9,1,3,1345
1036,273,9,1,2,1600
1036,303,10,1,2,2000
1036,304,10,1,3,2000
1036,305,10,1,2,2000
1036,279,11,1,1,1745
1036,279,11,1,1,2000
1036,280,11,1,3,1345
1036,280,11,1,2,1600
1036,293,12,1,1,1745
1036,293,12,1,1,2000
1036,294,12,1,3,1345
1036,294,12,1,2,1600
1036,300,13,1,1,1745
1036,300,13,1,1,2000
1036,301,13,1,3,1345
1036,301,13,1,2,1600
1036,307,14,1,1,1745
1036,307,14,1,1,2000
1036,308,14,1,3,1345
1036,308,14,1,2,1600
1036,314,15,1,1,1745
1036,314,15,1,1,2000
1036,315,15,1,3,1345
1036,315,15,1,2,1600
1036,328,16,1,1,1745
1036,328,16,1,1,2000
1036,329,16,1,3,1345
1036,329,16,1,2,1600
1036,335,17,1,1,1745
1036,335,17,1,1,2000
1036,336,17,1,3,1345
1036,336,17,1,2,1600
1036,342,18,1,1,1745
1036,342,18,1,1,2000
1036,343,18,1,3,1345
1036,343,18,1,2,1600
1036,349,19,1,2,1900
1036,350,19,3,5,1600
1036,356,20,0,2,1900
1036,357,20,3,5,1600
1036,398,21,1,2,1900
1036,399,21,3,5,1600
1036,405,22,1,1,1745
1036,405,22,1,1,2000
1036,406,22,1,3,1345
1036,406,22,1,2,1600
1036,412,23,1,1,1745
1036,412,23,1,1,2000
1036,413,23,1,3,1345
1036,413,23,1,2,1600
1036,419,24,1,1,1745
1036,419,24,1,1,2000
1036,420,24,1,3,1345
1036,420,24,1,2,1600
1036,426,25,1,1,1745
1036,426,25,1,1,2000
1036,427,25,1,3,1345
1036,427,25,1,2,1600
1036,429,26,1,2,2130
1036,430,26,1,1,1900
1036,430,26,1,2,2130
1036,431,26,2,2,2130
1036,433,27,1,1,1745
1036,433,27,1,1,2000
1036,434,27,1,3,1345
1036,434,27,1,2,1600
1036,440,28,1,1,1745
1036,440,28,1,1,2000
1036,441,28,1,3,1345
1036,441,28,1,2,1600
1036,447,29,1,1,1745
1036,447,29,1,1,2000
1036,448,29,1,3,1345
1036,448,29,1,2,1600
1036,461,30,1,1,1745
1036,461,30,1,1,2000
1036,462,30,1,3,1345
1036,462,30,1,2,1600
1036,468,31,1,1,1745
1036,468,31,1,1,2000
1036,469,31,1,3,1345
1036,469,31,1,2,1600
1036,475,32,1,1,1745
1036,475,32,1,1,2000
1036,476,32,1,3,1345
1036,476,32,1,2,1600
1036,482,33,1,1,1745
1036,482,33,1,1,2000
1036,483,33,1,3,1345
1036,483,33,1,2,1600
1036,402,34,0,6,1945
1039,520,1,2,4,1945
1039,521,1,4,5,1945
1039,496,2,4,6,1600
1039,497,2,0,2,1500
1039,489,3,4,6,1600
1039,490,3,0,2,1500
1039,510,4,4,6,1600
1039,511,4,2,3,1500
1039,504,5,6,6,1600
1042,208,1,1,1,2045
1042,209,1,1,1,1730
1042,209,1,2,5,2000
1042,210,1,1,1,1730
1042,216,2,1,1,1730
1042,216,2,2,5,2000
1042,217,2,1,1,1730
1042,223,3,1,1,1730
1042,223,3,2,5,2000
1042,224,3,1,1,1730
1042,230,4,1,1,1730
1042,230,4,2,5,2000
1042,231,4,1,1,1730
1042,237,5,1,1,1730
1042,237,5,2,5,2000
1042,238,5,1,1,1730
1042,244,6,1,1,1730
1042,244,6,2,5,2000
1042,245,6,1,1,1730
1042,258,7,1,1,1700
1042,258,7,2,5,1930
1042,259,7,1,1,1730
1042,265,8,1,1,1700
1042,265,8,2,5,1930
1042,266,8,1,1,1730
1042,272,9,1,1,1700
1042,272,9,2,5,1930
1042,273,9,1,1,1730
1042,279,10,1,1,1700
1042,279,10,2,5,1930
1042,280,10,1,1,1730
1042,293,11,1,1,1700
1042,293,11,2,5,1930
1042,294,11,1,1,1730
1042,300,12,1,1,1700
1042,300,12,2,5,1930
1042,301,12,1,1,1730
1042,307,13,1,1,1700
1042,307,13,2,5,1930
1042,308,13,1,1,1730
1042,314,14,1,1,1700
1042,314,14,2,5,1930
1042,315,14,1,1,1730
1042,328,15,1,1,1700
1042,328,15,2,5,1930
1042,329,15,1,1,1730
1042,335,16,1,1,1700
1042,335,16,2,5,1930
1042,336,16,1,1,1730
1042,338,17,2,5,1930
1042,339,17,2,5,1930
1042,342,18,1,1,1700
1042,342,18,2,5,1930
1042,343,18,1,1,1730
1042,349,19,1,1,1700
1042,349,19,2,5,1930
1042,350,19,1,1,1730
1042,405,20,1,1,1700
1042,405,20,2,5,1930
1042,406,20,1,1,1730
1042,412,21,1,1,1700
1042,412,21,2,5,1930
1042,413,21,1,1,1730
1042,419,22,1,1,1700
1042,419,22,2,5,1930
1042,420,22,1,1,1730
1042,426,23,2,2,1700
1042,426,23,2,5,1930
1042,427,23,0,1,1730
1042,433,24,6,6,1930
1044,517,1,1,1,1700
1044,517,1,1,4,1930
1044,518,1,1,1,1730
1044,447,2,1,1,1700
1044,447,2,1,4,1930
1044,448,2,1,1,1730
1044,461,3,1,1,1700
1044,461,3,1,4,1930
1044,462,3,1,1,1730
1044,468,4,1,1,1700
1044,468,4,1,3,1930
1044,469,4,1,1,1730
1044,475,5,1,1,1700
1044,475,5,1,3,1930
1044,476,5,1,1,1730
1044,482,6,1,1,1700
1044,482,6,1,3,1930
1044,483,6,1,1,1730
1044,489,7,1,1,1700
1044,489,7,1,3,1930
1044,490,7,1,1,1730
1044,496,8,1,1,1700
1044,496,8,1,3,1930
1044,497,8,1,1,1730
1044,521,9,3,5,2130
1044,499,10,1,3,1930
1044,500,10,2,3,1930
1044,503,11,1,1,1700
1044,503,11,1,4,1930
1044,504,11,1,1,1730
1044,511,12,3,6,1730
1048,208,1,0,1,1900
1048,208,1,1,1,2130
1048,209,1,1,1,1900
1048,209,1,2,5,2100
1048,209,1,0,1,2130
1048,210,1,0,1,1530
1048,210,1,1,1,1900
1048,210,1,1,1,2100
1048,215,2,0,1,1900
1048,215,2,1,1,2130
1048,216,2,1,1,1900
1048,216,2,2,5,2100
1048,216,2,0,1,2130
1048,217,2,0,1,1530
1048,217,2,1,1,1900
1048,217,2,1,1,2100
1048,222,3,0,1,1900
1048,222,3,1,1,2130
1048,223,3,1,1,1900
1048,223,3,2,5,2100
1048,223,3,0,1,2130
1048,224,3,0,1,1530
1048,224,3,1,1,1900
1048,224,3,1,1,2100
1048,229,4,0,1,1900
1048,229,4,1,1,2130
1048,230,4,1,1,1900
1048,230,4,2,5,2100
1048,230,4,0,1,2130
1048,231,4,0,1,1530
1048,231,4,1,1,1900
1048,231,4,1,1,2100
1048,236,5,0,1,1900
1048,236,5,1,1,2130
1048,237,5,1,1,1900
1048,237,5,2,5,2100
1048,237,5,0,1,2130
1048,238,5,0,1,1530
1048,238,5,1,1,1900
1048,238,5,1,1,2100
1048,243,6,0,1,1900
1048,243,6,1,1,2130
1048,244,6,1,1,1900
1048,244,6,2,5,2100
1048,244,6,0,1,2130
1048,245,6,0,1,1530
1048,245,6,1,1,1900
1048,245,6,1,1,2100
1048,257,7,0,1,1900
1048,257,7,1,1,2130
1048,258,7,1,1,1900
1048,258,7,2,5,2100
1048,258,7,0,1,2130
1048,259,7,0,1,1530
1048,259,7,1,1,1900
1048,259,7,1,1,2100
1048,264,8,0,1,1900
1048,264,8,1,1,2130
1048,265,8,1,1,1900
1048,265,8,2,5,2100
1048,265,8,0,1,2130
1048,266,8,0,1,1530
1048,266,8,1,1,1900
1048,266,8,1,1,2100
1048,271,9,0,1,1900
1048,271,9,1,1,2130
1048,272,9,1,1,1900
1048,272,9,2,5,2100
1048,272,9,0,1,2130
1048,273,9,0,1,1530
1048,273,9,1,1,1900
1048,273,9,1,1,2100
1048,278,10,0,1,1900
1048,278,10,1,1,2130
1048,279,10,1,1,1900
1048,279,10,2,5,2100
1048,279,10,0,1,2130
1048,280,10,0,1,1530
1048,280,10,1,1,1900
1048,280,10,1,1,2100
1048,292,11,0,1,1900
1048,292,11,1,1,2130
1048,293,11,1,1,1900
1048,293,11,2,5,2100
1048,293,11,0,1,2130
1048,294,11,0,1,1530
1048,294,11,1,1,1900
1048,294,11,1,1,2100
1048,299,12,0,1,1900
1048,299,12,1,1,2130
1048,300,12,1,1,1900
1048,300,12,2,5,2100
1048,300,12,0,1,2130
1048,301,12,0,1,1530
1048,301,12,1,1,1900
1048,301,12,1,1,2100
1048,307,13,1,1,1900
1048,307,13,2,5,2100
1048,307,13,0,1,2130
1048,308,13,0,1,1530
1048,308,13,1,1,1900
1048,308,13,1,1,2100
1048,313,14,0,1,1900
1048,313,14,1,1,2130
1048,314,14,1,1,1900
1048,314,14,2,5,2100
1048,314,14,0,1,2130
1048,315,14,0,1,1530
1048,315,14,1,1,1900
1048,315,14,1,1,2100
1048,327,15,0,1,1900
1048,327,15,1,1,2130
1048,328,15,1,1,1900
1048,328,15,2,5,2100
1048,328,15,0,1,2130
1048,329,15,0,1,1530
1048,329,15,1,1,1900
1048,329,15,1,1,2100
1048,334,16,0,1,1900
1048,334,16,1,1,2130
1048,335,16,1,1,1900
1048,335,16,2,5,2100
1048,335,16,0,1,2130
1048,336,16,0,1,1530
1048,336,16,1,1,1900
1048,336,16,1,1,2100
1048,341,17,0,1,1900
1048,341,17,1,1,2130
1048,342,17,1,1,1900
1048,342,17,2,5,2100
1048,342,17,0,1,2130
1048,343,17,0,1,1530
1048,343,17,1,1,1900
1048,343,17,1,1,2100
1048,348,18,0,1,1900
1048,348,18,1,1,2130
1048,349,18,1,1,1900
1048,349,18,2,5,2100
1048,349,18,0,1,2130
1048,350,18,0,1,1530
1048,350,18,1,1,1900
1048,350,18,1,1,2100
1048,356,19,1,1,1900
1048,356,19,2,6,2100
1048,356,19,0,1,2130
1048,357,19,1,1,1530
1048,357,19,1,2,1900
1048,357,19,1,1,2100
1048,363,20,2,6,1530
1048,363,20,1,2,1900
1048,363,20,1,1,2130
1048,364,20,1,2,1900
1048,364,20,1,1,2100
1048,366,21,2,4,2100
1048,367,21,4,8,2130
1048,383,22,0,1,1900
1048,383,22,1,1,2130
1048,384,22,1,1,1900
1048,384,22,2,5,2100
1048,384,22,0,1,2130
1048,385,22,0,1,1530
1048,385,22,1,1,1900
1048,385,22,1,1,2100
1048,390,23,0,1,1900
1048,390,23,1,1,2130
1048,391,23,1,1,1900
1048,391,23,2,5,2100
1048,391,23,0,1,2130
1048,392,23,0,1,1530
1048,392,23,1,1,1900
1048,392,23,1,1,2100
1048,398,24,1,3,1830
1048,398,24,1,4,2100
1048,399,24,0,1,1330
1048,399,24,0,1,1630
1048,399,24,0,1,1645
1048,399,24,0,1,1830
1048,399,24,0,1,2100
1048,401,25,0,1,2130
1048,402,25,1,3,1830
1048,402,25,1,3,2100
1048,403,25,1,2,1830
1048,403,25,1,3,2100
1048,405,26,1,1,1900
1048,405,26,2,6,2100
1048,405,26,0,1,2130
1048,406,26,0,1,1530
1048,406,26,1,2,1900
1048,406,26,1,1,2100
1048,411,27,0,1,1900
1048,411,27,1,1,2130
1048,412,27,1,1,1900
1048,412,27,2,5,2100
1048,412,27,0,1,2130
1048,413,27,0,1,1530
1048,413,27,1,1,1900
1048,413,27,1,1,2100
1048,418,28,0,1,1900
1048,418,28,1,1,2130
1048,419,28,1,1,1900
1048,419,28,2,5,2100
1048,419,28,0,1,2130
1048,420,28,0,1,1530
1048,420,28,1,1,1900
1048,420,28,1,1,2100
1048,426,29,1,1,1900
1048,426,29,2,6,2100
1048,426,29,0,1,2130
1048,427,29,0,1,1530
1048,427,29,1,2,1900
1048,427,29,1,1,2100
1048,432,30,0,1,1900
1048,432,30,1,1,2130
1048,433,30,1,1,1900
1048,433,30,2,5,2100
1048,433,30,0,1,2130
1048,434,30,0,1,1530
1048,434,30,1,1,1900
1048,434,30,1,1,2100
1048,439,31,0,1,1900
1048,439,31,1,1,2130
1048,440,31,1,1,1900
1048,440,31,2,5,2100
1048,440,31,0,1,2130
1048,441,31,0,1,1530
1048,441,31,1,1,1900
1048,441,31,1,1,2100
1048,446,32,0,1,1900
1048,446,32,1,1,2130
1048,447,32,1,1,1900
1048,447,32,2,5,2100
1048,447,32,0,1,2130
1048,448,32,0,1,1530
1048,448,32,1,1,1900
1048,448,32,1,1,2100
1050,517,1,1,1,1700
1050,517,1,1,4,1930
1050,518,1,1,1,1730
1050,461,2,1,1,1700
1050,461,2,1,4,1930
1050,462,2,1,1,1730
1050,468,3,1,1,1700
1050,468,3,1,3,1930
1050,469,3,1,1,1730
1050,475,4,1,1,1700
1050,475,4,1,3,1930
1050,476,4,1,1,1730
1050,482,5,1,1,1700
1050,482,5,1,3,1930
1050,483,5,1,1,1730
1050,489,6,1,1,1700
1050,489,6,1,3,1930
1050,490,6,1,1,1730
1050,496,7,1,1,1700
1050,496,7,1,3,1930
1050,497,7,1,1,1730
1050,521,8,3,5,2130
1050,499,9,1,3,1930
1050,500,9,2,3,1930
1050,503,10,1,1,1700
1050,503,10,1,4,1930
1050,504,10,1,1,1730
1050,511,11,3,6,1730
1054,201,1,1,1,1800
1054,201,1,1,1,2100
1054,202,1,1,2,1800
1054,202,1,1,2,2100
1054,203,1,1,2,1530
1054,203,1,1,1,2000
1054,208,2,1,1,1800
1054,208,2,1,1,2100
1054,209,2,1,2,1800
1054,209,2,1,1,2100
1054,210,2,1,2,1530
1054,210,2,1,1,1800
1054,211,2,0,1,2100
1054,215,3,1,1,1800
1054,215,3,1,1,2100
1054,216,3,1,2,1800
1054,216,3,1,1,2100
1054,217,3,1,2,1530
1054,217,3,1,1,1800
1054,218,3,0,1,2100
1054,222,4,1,1,1800
1054,222,4,1,1,2100
1054,223,4,1,2,1800
1054,223,4,1,1,2100
1054,224,4,1,2,1530
1054,224,4,1,1,1800
1054,225,4,0,1,2100
1054,229,5,1,1,1800
1054,229,5,1,1,2100
1054,230,5,1,2,1800
1054,230,5,1,1,2100
1054,231,5,1,2,1530
1054,231,5,1,1,1800
1054,232,5,0,1,2100
1054,236,6,1,1,1800
1054,236,6,1,1,2100
1054,237,6,1,2,1800
1054,237,6,1,1,2100
1054,238,6,1,2,1530
1054,238,6,1,1,1800
1054,239,6,0,1,2100
1054,243,7,1,1,1800
1054,243,7,1,1,2100
1054,244,7,1,2,1800
1054,244,7,1,1,2100
1054,245,7,1,2,1530
1054,245,7,1,2,1800
1054,257,8,1,1,1800
1054,257,8,1,1,2100
1054,258,8,1,2,1800
1054,258,8,1,2,2100
1054,259,8,1,2,1530
1054,259,8,1,1,1800
1054,264,9,1,1,1800
1054,264,9,1,1,2100
1054,265,9,1,2,1800
1054,265,9,1,1,2100
1054,266,9,1,1,1530
1054,266,9,1,2,1800
1054,266,9,1,1,2100
1054,272,10,1,2,1800
1054,272,10,1,2,2100
1054,273,10,1,2,1530
1054,273,10,1,1,1800
1054,273,10,1,2,2100
1054,278,11,1,1,1800
1054,278,11,1,1,2100
1054,279,11,1,2,1800
1054,279,11,1,1,2100
1054,280,11,1,2,1530
1054,280,11,1,2,1800
1054,292,12,1,1,1800
1054,292,12,1,1,2100
1054,293,12,1,2,1800
1054,293,12,1,1,2100
1054,294,12,1,2,1530
1054,294,12,1,1,1800
1054,295,12,0,1,2100
1054,299,13,1,1,1800
1054,299,13,1,1,2100
1054,300,13,2,2,1800
1054,300,13,1,1,2100
1054,301,13,2,2,1800
1054,301,13,1,1,2100
1054,306,14,0,1,2030
1054,307,14,1,2,1800
1054,307,14,2,2,2100
1054,308,14,1,2,1530
1054,308,14,1,1,1800
1054,308,14,1,1,2100
1054,313,15,1,1,1800
1054,313,15,1,1,2100
1054,314,15,1,2,1800
1054,314,15,1,1,2100
1054,315,15,1,2,1530
1054,315,15,1,2,1800
1054,327,16,1,1,1800
1054,327,16,1,1,2100
1054,328,16,1,2,1530
1054,328,16,1,2,1800
1054,328,16,1,1,2100
1054,329,16,1,1,1800
1054,329,16,0,1,2100
1054,334,17,1,1,1800
1054,334,17,1,1,2100
1054,335,17,2,4,1800
1054,335,17,1,1,2100
1054,336,17,1,1,1800
1054,336,17,1,1,2100
1054,341,18,0,1,2100
1054,342,18,1,2,1800
1054,342,18,1,1,2100
1054,343,18,1,1,1530
1054,343,18,2,3,1800
1054,343,18,1,1,2100
1054,338,19,2,3,2000
1054,339,19,1,2,1700
1054,339,19,2,3,2030
1054,348,20,1,1,1800
1054,348,20,1,1,2100
1054,349,20,1,3,1800
1054,349,20,1,1,2100
1054,350,20,1,2,1530
1054,350,20,1,1,1800
1054,355,21,1,1,1800
1054,355,21,1,1,2100
1054,356,21,1,3,1800
1054,356,21,1,1,2100
1054,357,21,1,2,1530
1054,357,21,1,1,1800
1054,383,22,1,1,1800
1054,383,22,1,1,2100
1054,384,22,1,2,1800
1054,384,22,1,1,2100
1054,385,22,1,2,1530
1054,385,22,1,1,1800
1054,385,22,1,1,2100
1054,390,23,1,1,1800
1054,390,23,1,1,2100
1054,391,23,1,2,1800
1054,391,23,1,1,2100
1054,392,23,1,2,1530
1054,392,23,1,1,1800
1054,392,23,1,1,2100
1054,397,24,1,1,1800
1054,397,24,1,1,2100
1054,398,24,1,3,1800
1054,398,24,1,2,2100
1054,399,24,1,1,1800
1054,399,24,1,1,2100
1054,405,25,2,2,1800
1054,405,25,1,2,2100
1054,406,25,1,2,1530
1054,406,25,1,1,1800
1054,406,25,1,2,2100
1054,412,26,1,2,1800
1054,412,26,2,2,2100
1054,413,26,1,2,1530
1054,413,26,1,2,1800
1054,413,26,1,1,2100
1054,419,27,1,2,1800
1054,419,27,2,2,2100
1054,420,27,1,2,1530
1054,420,27,2,2,1800
1054,420,27,1,1,2100
1054,426,28,1,2,1800
1054,426,28,2,2,2100
1054,427,28,1,2,1530
1054,427,28,1,2,1800
1054,427,28,1,1,2100
1054,408,29,1,2,1900
1054,408,29,1,2,2130
1054,409,29,1,2,1900
1054,409,29,1,2,2130
1054,410,29,1,2,1900
1054,410,29,1,2,2130
1054,433,30,0,4,1800
1054,434,30,8,8,1800
1054,380,31,0,3,2000
1054,381,31,0,2,1700
1054,381,31,0,3,2000
1054,376,32,0,3,2000
1054,377,32,0,2,1700
1054,378,32,0,3,2000
1056,517,1,1,1,1700
1056,517,1,1,4,1930
1056,518,1,1,1,1730
1056,447,2,1,1,1700
1056,447,2,1,4,1930
1056,448,2,1,1,1730
1056,461,3,1,1,1700
1056,461,3,1,4,1930
1056,462,3,1,1,1730
1056,468,4,1,1,1700
1056,468,4,1,3,1930
1056,469,4,1,1,1730
1056,475,5,1,1,1700
1056,475,5,1,3,1930
1056,476,5,1,1,1730
1056,482,6,1,1,1700
1056,482,6,1,3,1930
1056,483,6,1,1,1730
1056,489,7,1,1,1700
1056,489,7,1,3,1930
1056,490,7,1,1,1730
1056,496,8,1,1,1700
1056,496,8,1,3,1930
1056,497,8,1,1,1730
1056,521,9,3,5,2130
1056,499,10,1,3,1930
1056,500,10,2,3,1930
1056,503,11,1,1,1700
1056,503,11,1,4,1930
1056,504,11,1,1,1730
1056,511,12,3,6,1730
1060,203,1,0,9,1730
1060,206,2,0,9,1930
1060,209,3,0,9,1730
1060,216,4,0,9,1730
1060,222,5,3,3,1930
1060,223,5,2,5,1800
1060,224,5,1,2,1500
1060,229,6,3,3,1930
1060,230,6,2,5,1800
1060,231,6,1,2,1500
1060,237,7,4,5,1800
1060,238,7,3,4,1500
1060,244,8,4,5,1800
1060,245,8,3,4,1500
1060,257,9,2,3,1945
1060,258,9,2,5,1500
1060,259,9,1,3,1600
1060,265,10,2,3,1945
1060,265,10,2,5,1230
1060,265,10,1,3,1600
1060,272,11,2,3,1945
1060,272,11,2,5,1230
1060,272,11,1,3,1600
1060,278,12,2,3,1945
1060,279,12,4,6,1500
1060,290,13,2,3,1945
1060,291,13,2,5,1430
1060,292,13,1,2,1600
1060,301,14,2,3,1945
1060,302,14,2,5,1430
1060,302,14,1,2,1700
1060,306,15,2,3,1945
1060,307,15,2,5,1430
1060,307,15,1,2,1700
1060,329,16,2,3,1945
1060,328,16,2,5,1430
1060,329,16,1,2,1600
1060,336,17,2,3,1945
1060,336,17,2,5,1430
1060,336,17,1,2,1600
1060,405,18,2,3,1945
1060,406,18,4,6,1430
1060,412,19,2,3,1945
1060,413,19,4,6,1430
1060,420,20,2,3,1430
1060,421,20,4,6,1945
1060,428,21,2,3,1945
1060,427,21,4,6,1430
1060,430,22,2,3,1945
1060,431,22,4,6,1830
1060,453,23,2,3,1945
1060,454,23,4,6,1830
1060,455,23,1,2,1930
1060,460,24,2,3,1945
1060,461,24,4,6,1830
1060,462,24,1,2,1930
1060,468,25,4,6,1700
1060,468,25,2,3,1930
1060,476,26,4,6,1600
1060,477,26,2,3,1930
1060,483,27,4,6,1430
1060,483,27,2,3,1930
1060,490,28,9,9,1430
1060,497,29,9,9,1430
1060,504,30,9,9,1430
1060,511,31,9,9,1430
1060,521,32,9,9,1430
1064,216,1,8,8,1700
1064,223,2,8,8,1700
1064,230,3,8,8,1700
1064,237,4,8,8,1700
1064,244,5,8,8,1700
1064,258,6,8,8,1700
1064,265,7,8,8,1700
1064,272,8,8,8,1700
1064,279,9,8,8,1700
1064,293,10,8,8,1700
1064,300,11,8,8,1700
1064,307,12,8,8,1700
1064,314,13,8,8,1700
1064,328,14,8,8,1700
1064,335,15,8,8,1700
1064,342,16,8,8,1700
1064,349,17,8,8,1700
1064,356,18,8,8,1700
1064,391,19,8,8,1700
1064,398,20,8,8,1700
1064,405,21,8,8,1700
1064,412,22,8,8,1700
1064,419,23,8,8,1700
1064,426,24,8,8,1700
1064,433,25,8,8,1700
1064,440,26,8,8,1700
1064,447,27,8,8,1700
1064,461,28,8,8,1700
1064,468,29,8,8,1700
1064,475,30,8,8,1700
1064,402,31,0,8,1900
1064,479,32,0,8,1900
1067,520,1,2,4,1945
1067,521,1,4,5,1945
1067,496,2,4,6,1600
1067,497,2,0,2,1500
1067,489,3,4,6,1600
1067,490,3,0,2,1500
1067,510,4,4,6,1600
1067,511,4,2,3,1500
1067,504,5,6,6,1600
1070,203,1,6,6,1700
1070,210,2,6,6,1700
1070,217,3,6,6,1700
1070,224,4,6,6,1700
1070,231,5,6,6,1700
1070,238,6,6,6,1700
1070,245,7,6,6,1700
1070,259,8,6,6,1700
1070,266,9,6,6,1700
1070,273,10,6,6,1700
1070,280,11,6,6,1700
1070,294,12,6,6,1700
1070,301,13,6,6,1700
1070,308,14,6,6,1700
1070,315,15,6,6,1700
1070,329,16,6,6,1700
1070,336,17,6,6,1700
1070,343,18,6,6,1700
1070,420,19,6,6,1700
1070,427,20,6,6,1700
1070,430,21,6,6,1900
1070,434,22,6,6,1700
1070,304,23,0,6,1900
1070,339,24,0,6,1900
1072,517,1,1,1,1700
1072,517,1,1,4,1930
1072,518,1,1,1,1730
1072,447,2,1,1,1700
1072,447,2,1,4,1930
1072,448,2,1,1,1730
1072,461,3,1,1,1700
1072,461,3,1,4,1930
1072,462,3,1,1,1730
1072,468,4,1,1,1700
1072,468,4,1,3,1930
1072,469,4,1,1,1730
1072,475,5,1,1,1700
1072,475,5,1,3,1930
1072,476,5,1,1,1730
1072,482,6,1,1,1700
1072,482,6,1,3,1930
1072,483,6,1,1,1730
1072,489,7,1,1,1700
1072,489,7,1,3,1930
1072,490,7,1,1,1730
1072,496,8,1,1,1700
1072,496,8,1,3,1930
1072,497,8,1,1,1730
1072,521,9,3,5,2130
1072,499,10,1,3,1930
1072,500,10,2,3,1930
1072,503,11,1,1,1700
1072,503,11,1,4,1930
1072,504,11,1,1,1730
1072,511,12,3,6,1730
1076,203,1,0,9,1730
1076,206,2,0,9,1930
1076,209,3,0,9,1730
1076,216,4,0,9,1730
1076,222,5,3,3,1930
1076,223,5,2,5,1800
1076,224,5,1,2,1500
1076,229,6,3,3,1930
1076,230,6,2,5,1800
1076,231,6,1,2,1500
1076,237,7,4,5,1800
1076,238,7,3,4,1500
1076,244,8,4,5,1800
1076,245,8,3,4,1500
1076,257,9,2,3,1945
1076,258,9,2,5,1500
1076,259,9,1,3,1600
1076,265,10,2,3,1945
1076,265,10,2,5,1230
1076,265,10,1,3,1600
1076,272,11,2,3,1945
1076,272,11,2,5,1230
1076,272,11,1,3,1600
1076,278,12,2,3,1945
1076,279,12,4,6,1500
1076,290,13,2,3,1945
1076,291,13,2,5,1430
1076,292,13,1,2,1600
1076,301,14,2,3,1945
1076,302,14,2,5,1430
1076,302,14,1,2,1700
1076,306,15,2,3,1945
1076,307,15,2,5,1430
1076,307,15,1,2,1700
1076,329,16,2,3,1945
1076,328,16,2,5,1430
1076,329,16,1,2,1600
1076,336,17,2,3,1945
1076,336,17,2,5,1430
1076,336,17,1,2,1600
1076,405,18,2,3,1945
1076,406,18,4,6,1430
1076,412,19,2,3,1945
1076,413,19,4,6,1430
1076,420,20,2,3,1430
1076,421,20,4,6,1945
1076,428,21,2,3,1945
1076,427,21,4,6,1430
1076,430,22,2,3,1945
1076,431,22,4,6,1830
1076,453,23,2,3,1945
1076,454,23,4,6,1830
1076,455,23,1,2,1930
1076,460,24,2,3,1945
1076,461,24,4,6,1830
1076,462,24,1,2,1930
1076,468,25,4,6,1700
1076,468,25,2,3,1930
1076,476,26,4,6,1600
1076,477,26,2,3,1930
1076,483,27,4,6,1430
1076,483,27,2,3,1930
1076,490,28,9,9,1430
1076,497,29,9,9,1430
1076,504,30,9,9,1430
1076,511,31,9,9,1430
1076,521,32,9,9,1430
1080,209,1,5,5,1700
1080,216,2,5,5,1700
1080,223,3,5,5,1700
1080,230,4,5,5,1700
1080,237,5,5,5,1700
1080,244,6,5,5,1700
1080,258,7,5,5,1700
1080,265,8,5,5,1700
1080,272,9,5,5,1700
1080,279,10,5,5,1700
1080,293,11,5,5,1700
1080,300,12,5,5,1700
1080,307,13,5,5,1700
1080,314,14,5,5,1700
1080,328,15,5,5,1700
1080,335,16,5,5,1700
1080,342,17,5,5,1700
1080,391,18,5,5,1700
1080,398,19,5,5,1700
1080,405,20,5,5,1700
1080,412,21,5,5,1700
1080,419,22,5,5,1700
1080,426,23,5,5,1700
1080,433,24,5,5,1700
1080,440,25,5,5,1700
1080,447,26,5,5,1700
1080,461,27,5,5,1700
1080,468,28,5,5,1700
1080,475,29,5,5,1700
1080,482,30,5,5,1700
1080,489,31,5,5,1700
1080,496,32,5,5,1700
1080,503,33,5,5,1700
1080,510,34,5,5,1700
1080,521,35,0,5,1700
1080,524,36,0,5,1700
1084,209,1,5,5,1700
1084,216,2,5,5,1700
1084,223,3,5,5,1700
1084,230,4,5,5,1700
1084,237,5,5,5,1700
1084,244,6,5,5,1700
1084,258,7,5,5,1700
1084,265,8,5,5,1700
1084,272,9,5,5,1700
1084,279,10,5,5,1700
1084,293,11,5,5,1700
1084,300,12,5,5,1700
1084,307,13,5,5,1700
1084,314,14,5,5,1700
1084,328,15,5,5,1700
1084,335,16,5,5,1700
1084,342,17,5,5,1700
1084,349,18,5,5,1700
1084,356,19,5,5,1700
1084,391,20,5,5,1700
1084,398,21,5,5,1700
1084,405,22,5,5,1700
1084,412,23,5,5,1700
1084,419,24,5,5,1700
1084,426,25,5,5,1700
1084,433,26,5,5,1700
1084,440,27,5,5,1700
1084,447,28,5,5,1700
1084,461,29,5,5,1700
1084,468,30,5,5,1700
1084,475,31,5,5,1700
1084,482,32,5,5,1700
1084,489,33,5,5,1700
1084,496,34,5,5,1700
1084,503,35,5,5,1700
1084,510,36,5,5,1700
1084,521,37,0,5,1700
1084,524,38,0,5,1700
1091,199,1,4,8,1600
1091,200,1,4,8,1700
1091,206,2,4,8,1600
1091,207,2,4,8,1700
1108,227,1,4,4,1600
1108,228,1,4,4,1700
1108,234,2,4,4,1600
1108,235,2,4,4,1700
1117,262,1,2,2,1600
1117,263,1,2,2,1700
1117,269,2,2,2,1600
1117,270,2,2,2,1700
1122,297,1,2,2,1600
1122,304,2,2,2,1600
1125,325,1,1,1,1500
1125,332,2,1,1,1500
1131,285,1,3,3,1945
1131,286,1,3,3,1600
1131,289,2,6,6,1945
1131,320,3,3,3,1945
1131,321,3,3,3,1600
1131,324,4,6,6,1945
1131,450,5,6,6,1945
1131,453,6,3,3,1945
1131,454,6,3,3,1600
1131,614,7,3,3,1945
1131,615,7,3,3,1600
1131,618,8,6,6,1945
1131,649,9,3,3,1945
1131,650,9,3,3,1600
1131,653,10,6,6,1945
1131,684,11,3,3,1945
1131,685,11,3,3,1600
1131,688,12,6,6,1945
1134,814,1,2,2,1945
1134,817,2,1,1,1945
1134,818,2,1,1,2045
1137,979,1,1,1,1930
1139,982,1,1,1,1930
1143,219,1,1,2,1930
1143,219,1,1,1,2000
1143,219,1,1,2,2115
1143,220,1,1,1,1830
1143,220,1,1,2,1915
1143,220,1,1,1,2030
1143,201,2,1,2,1930
1143,201,2,1,1,2100
1143,202,2,1,2,1800
1143,202,2,1,1,2030
1143,203,2,1,2,1600
1143,203,2,1,1,1830
1143,208,3,1,2,1930
1143,208,3,1,1,2100
1143,209,3,1,2,1800
1143,209,3,1,1,2030
1143,210,3,1,2,1600
1143,210,3,1,1,1830
1143,215,4,1,2,1930
1143,215,4,1,1,2100
1143,216,4,1,2,1800
1143,216,4,1,1,2030
1143,217,4,1,2,1600
1143,217,4,1,1,1830
1143,222,5,1,2,1930
1143,222,5,1,1,2100
1143,223,5,1,2,1800
1143,223,5,1,1,2030
1143,224,5,1,2,1600
1143,224,5,1,1,1830
1143,229,6,1,2,1930
1143,229,6,1,1,2100
1143,230,6,1,2,1800
1143,230,6,1,1,2030
1143,231,6,1,2,1600
1143,231,6,1,1,1830
1143,236,7,1,2,1930
1143,236,7,1,1,2100
1143,237,7,1,2,1800
1143,237,7,1,1,2030
1143,238,7,1,2,1600
1143,238,7,1,1,1830
1143,243,8,1,2,1930
1143,243,8,1,1,2100
1143,244,8,1,2,1800
1143,244,8,1,1,2030
1143,245,8,1,2,1600
1143,245,8,1,1,1830
1143,257,9,1,2,1930
1143,257,9,1,1,2100
1143,258,9,1,2,1800
1143,258,9,1,1,2030
1143,259,9,1,2,1600
1143,259,9,1,1,1830
1143,264,10,1,2,1930
1143,264,10,1,1,2100
1143,265,10,1,2,1800
1143,265,10,1,1,2030
1143,266,10,1,2,1600
1143,266,10,1,1,1830
1143,271,11,1,2,1930
1143,271,11,1,1,2100
1143,272,11,1,2,1800
1143,272,11,1,1,2030
1143,273,11,1,2,1600
1143,273,11,1,1,1830
1143,278,12,1,2,1930
1143,278,12,1,1,2100
1143,279,12,1,2,1800
1143,279,12,1,1,2030
1143,280,12,1,2,1600
1143,280,12,1,1,1830
1143,292,13,1,2,1930
1143,292,13,1,1,2100
1143,293,13,1,2,1800
1143,293,13,1,1,2030
1143,294,13,1,2,1600
1143,294,13,1,1,1830
1143,299,14,1,2,1930
1143,299,14,1,1,2100
1143,300,14,1,2,1800
1143,300,14,1,1,2030
1143,301,14,1,2,1600
1143,301,14,1,1,1830
1143,306,15,1,2,1930
1143,306,15,1,1,2100
1143,307,15,1,2,1800
1143,307,15,1,1,2030
1143,308,15,1,2,1600
1143,308,15,1,1,1830
1143,313,16,1,2,1930
1143,313,16,1,1,2100
1143,314,16,1,2,1800
1143,314,16,1,1,2030
1143,315,16,1,2,1600
1143,315,16,1,1,1830
1143,327,17,1,2,1930
1143,327,17,1,1,2100
1143,328,17,1,2,1800
1143,328,17,1,1,2030
1143,329,17,1,2,1600
1143,329,17,1,1,1830
1143,334,18,1,2,1930
1143,334,18,1,1,2100
1143,335,18,1,2,1800
1143,335,18,1,1,2030
1143,336,18,1,2,1600
1143,336,18,1,1,1830
1143,295,19,1,2,1930
1143,295,19,1,1,2100
1143,296,19,1,2,1800
1143,296,19,1,1,2030
1143,297,19,1,2,1600
1143,297,19,1,1,1830
1143,232,20,1,2,1930
1143,232,20,1,1,2100
1143,233,20,1,2,1800
1143,233,20,1,1,2030
1143,234,20,1,2,1600
1143,234,20,1,1,1830
1143,379,21,1,2,1930
1143,379,21,1,1,2100
1143,380,21,1,2,1800
1143,380,21,1,1,2030
1143,381,21,1,2,1600
1143,381,21,1,1,1830
1143,376,22,1,2,1930
1143,376,22,1,1,2100
1143,377,22,1,2,1800
1143,377,22,1,1,2030
1143,378,22,1,2,1600
1143,378,22,1,1,1830
1143,383,23,1,2,1930
1143,383,23,1,1,2100
1143,384,23,1,2,1800
1143,384,23,1,1,2030
1143,385,23,1,2,1600
1143,385,23,1,1,1830
1143,390,24,1,2,1930
1143,390,24,1,1,2100
1143,391,24,1,2,1800
1143,391,24,1,1,2030
1143,392,24,1,2,1600
1143,392,24,1,1,1830
1143,397,25,1,2,1930
1143,397,25,1,1,2100
1143,398,25,1,2,1800
1143,398,25,1,1,2030
1143,399,25,1,2,1600
1143,399,25,1,1,1830
1143,404,26,1,2,1930
1143,404,26,1,1,2100
1143,405,26,1,2,1800
1143,405,26,1,1,2030
1143,406,26,1,2,1600
1143,406,26,1,1,1830
1143,411,27,1,2,1930
1143,411,27,1,1,2100
1143,412,27,1,2,1800
1143,412,27,1,1,2030
1143,413,27,1,2,1600
1143,413,27,1,1,1830
1143,418,28,1,2,1930
1143,418,28,1,1,2100
1143,419,28,1,2,1800
1143,419,28,1,1,2030
1143,420,28,1,2,1600
1143,420,28,1,1,1830
1143,425,29,1,2,1930
1143,425,29,1,1,2100
1143,426,29,1,2,1800
1143,426,29,1,1,2030
1143,427,29,1,2,1600
1143,427,29,1,1,1830
1143,432,30,1,2,1930
1143,432,30,1,1,2100
1143,433,30,1,2,1800
1143,433,30,1,1,2030
1143,434,30,1,2,1600
1143,434,30,1,1,1830
1143,439,31,1,2,1930
1143,439,31,1,1,2100
1143,440,31,1,2,1800
1143,440,31,1,1,2030
1143,441,31,1,2,1600
1143,441,31,1,1,1830
1143,446,32,1,2,1930
1143,446,32,1,1,2100
1143,447,32,1,2,1800
1143,447,32,1,1,2030
1143,448,32,1,2,1600
1143,448,32,1,1,1830
1143,453,33,1,2,1930
1143,453,33,1,1,2100
1143,454,33,1,2,1800
1143,454,33,1,1,2030
1143,455,33,1,2,1600
1143,455,33,1,1,1830
1143,460,34,1,2,1930
1143,460,34,1,1,2100
1143,461,34,1,2,1800
1143,461,34,1,1,2030
1143,462,34,1,2,1600
1143,462,34,1,1,1830
1145,469,1,2,2,1600
1148,472,1,4,4,2000
1148,479,2,4,4,2000
1153,486,1,2,2,1930
1153,493,2,2,2,1930
1158,504,1,1,1,2000
1158,511,2,1,1,2030
1162,61,1,1,2,1800
1162,62,1,6,11,1700
1162,63,1,1,2,1830
1162,68,2,2,3,1700
1162,69,2,4,10,1700
1162,70,2,2,3,1300
1162,76,3,5,10,1700
1162,77,3,2,4,1300
1162,83,4,5,10,1700
1162,84,4,2,4,1300
1162,90,5,5,10,1700
1162,91,5,2,4,1300
1162,97,6,5,10,1700
1162,98,6,2,4,1300
1162,104,7,5,10,1700
1162,105,7,2,4,1300
1162,108,8,11,16,2030
1162,111,9,5,10,1700
1162,112,9,2,4,1300
1162,118,10,5,10,1700
1162,119,10,2,4,1300
1162,125,11,5,10,1700
1162,126,11,2,4,1300
1162,129,12,11,16,2030
1162,132,13,4,10,1300
1162,133,13,2,4,1730
1162,136,14,12,16,1730
1162,139,15,5,10,1500
1162,140,15,2,4,1500
1162,145,16,2,3,1900
1162,146,16,4,10,1500
1162,147,16,2,3,1500
1162,150,17,6,14,1830
1162,153,18,5,10,1500
1162,154,18,2,4,1500
1162,160,19,5,10,1700
1162,161,19,2,4,1700
1162,194,20,1,2,2100
1162,195,20,5,10,1700
1162,196,20,2,4,1500
1162,201,21,1,3,2100
1162,202,21,5,10,1400
1162,203,21,2,3,1500
1162,209,22,4,10,1530
1162,210,22,3,4,1230
1162,206,23,11,16,1730
1162,216,24,5,10,1300
1162,217,24,2,4,1500
1162,220,25,11,16,1830
1162,223,26,6,10,1400
1162,224,26,2,6,1400
1162,227,27,11,16,2045
1162,230,28,5,11,1700
1162,231,28,3,5,1730
1162,236,29,1,3,2100
1162,237,29,5,10,1830
1162,238,29,2,3,1500
1162,241,30,11,16,1830
1162,244,31,5,10,1830
1162,245,31,2,4,1500
1162,251,32,10,12,1830
1162,252,32,2,4,1700
1162,264,33,1,2,1700
1162,265,33,4,10,1830
1162,266,33,2,3,1500
1162,271,34,1,2,1700
1162,272,34,4,10,1300
1162,273,34,2,3,1500
1162,278,35,1,2,1700
1162,279,35,4,8,1830
1162,280,35,2,4,1700
1162,283,36,0,14,1700
1162,287,37,14,14,1700
1162,294,38,14,14,1700
1162,301,39,0,14,1700
1165,317,1,0,6,2045
1165,318,1,0,6,1700
1172,327,1,2,2,2045
1172,328,1,2,2,2045
1182,331,1,2,2,1700
1187,336,1,1,1,1700
1191,285,1,3,3,1945
1191,286,1,3,3,1600
1191,289,2,6,6,1945
1191,320,3,3,3,1945
1191,321,3,3,3,1600
1191,324,4,6,6,1945
1191,614,5,3,3,1945
1191,615,5,3,3,1600
1191,618,6,6,6,1945
1191,649,7,4,4,1945
1191,650,7,2,2,1600
1191,653,8,6,6,1945
1191,684,9,3,3,1945
1191,685,9,3,3,1600
1191,688,10,6,6,1945
1191,814,11,6,6,1945
1191,817,12,3,3,1945
1191,818,12,3,3,1600
1196,87,1,6,12,2200
1196,94,2,6,12,2200
1196,101,3,6,12,2200
1196,108,4,6,12,2200
1196,115,5,6,12,2200
1196,122,6,6,12,2200
1196,129,7,6,12,2200
1196,136,8,6,12,2200
1196,143,9,6,12,2200
1196,150,10,6,12,2200
1196,157,11,6,12,2200
1199,227,1,8,8,1830
1199,234,2,8,8,1830
1208,262,1,1,4,2230
1208,269,2,1,4,2230
1213,297,1,1,2,2230
1213,304,2,1,2,2230
1216,311,1,1,1,2200
1216,318,2,1,1,2200
1220,324,1,3,4,1945
1220,325,1,4,5,1700
1220,20,2,3,4,1945
1220,21,2,4,5,1700
1220,24,3,3,4,1945
1220,25,3,4,5,1700
1220,27,4,3,4,1945
1220,28,4,4,5,1700
1220,34,5,3,4,1945
1220,35,5,4,5,1700
1220,41,6,3,4,1945
1220,42,6,4,5,1700
1220,48,7,3,4,1945
1220,49,7,4,5,1700
1220,55,8,3,4,1945
1220,56,8,4,5,1700
1220,62,9,3,4,1945
1220,63,9,4,5,1700
1220,69,10,3,4,1945
1220,70,10,4,5,1700
1220,76,11,3,4,1945
1220,77,11,4,5,1700
1220,83,12,3,4,1945
1220,84,12,4,5,1700
1220,90,13,3,4,1945
1220,91,13,4,5,1700
1220,97,14,3,4,1945
1220,98,14,4,5,1700
1220,104,15,3,4,1945
1220,105,15,4,5,1700
1220,111,16,3,4,1945
1220,112,16,4,5,1700
1220,118,17,3,4,1945
1220,119,17,4,5,1700
1220,125,18,3,4,1945
1220,126,18,4,5,1700
1220,132,19,3,4,1945
1220,133,19,4,5,1700
1220,139,20,3,4,1945
1220,140,20,4,5,1700
1220,146,21,3,4,1945
1220,147,21,4,5,1700
1220,153,22,3,4,1945
1220,154,22,4,5,1700
1220,216,23,3,4,1945
1220,217,23,4,5,1700
1220,223,24,3,4,1945
1220,224,24,4,5,1700
1220,230,25,3,4,1945
1220,231,25,4,5,1700
1220,237,26,3,4,1945
1220,238,26,4,5,1700
1220,244,27,3,4,1945
1220,245,27,4,5,1700
1220,251,28,3,4,1945
1220,252,28,4,5,1700
1220,258,29,3,4,1945
1220,259,29,4,5,1700
1220,265,30,3,4,1945
1220,266,30,4,5,1700
1220,272,31,3,4,1945
1220,273,31,4,5,1700
1220,279,32,3,4,1945
1220,280,32,4,5,1700
1220,294,33,0,8,1700
1220,314,34,0,8,1945
1220,329,35,0,8,1700
1220,336,36,0,8,1230
1224,20,1,3,5,1945
1224,21,1,4,6,1600
1224,23,2,3,5,1945
1224,24,2,4,6,1600
1224,27,3,3,5,1945
1224,28,3,4,6,1600
1224,34,4,3,5,1945
1224,35,4,4,6,1600
1224,41,5,3,5,1945
1224,42,5,4,6,1600
1224,48,6,3,5,1945
1224,49,6,4,6,1600
1224,55,7,3,5,1945
1224,56,7,4,6,1600
1224,62,8,3,5,1945
1224,63,8,4,6,1600
1224,69,9,3,5,1945
1224,70,9,4,6,1600
1224,76,10,3,5,1945
1224,77,10,4,6,1600
1224,83,11,3,5,1945
1224,84,11,4,6,1600
1224,90,12,3,5,1945
1224,91,12,4,6,1600
1224,97,13,3,5,1945
1224,98,13,4,6,1600
1224,104,14,3,5,1945
1224,105,14,4,6,1600
1224,111,15,3,5,1945
1224,112,15,4,6,1600
1224,118,16,3,5,1945
1224,119,16,4,6,1600
1224,125,17,3,5,1945
1224,126,17,4,6,1600
1224,132,18,3,5,1945
1224,133,18,4,6,1600
1224,139,19,3,5,1945
1224,140,19,4,6,1600
1224,146,20,3,5,1945
1224,147,20,4,6,1600
1224,153,21,3,5,1945
1224,154,21,4,6,1600
1224,209,22,3,5,1945
1224,210,22,4,6,1600
1224,216,23,3,5,1945
1224,217,23,4,6,1600
1224,223,24,3,5,1945
1224,224,24,4,6,1600
1224,230,25,3,5,1945
1224,231,25,4,6,1600
1224,237,26,3,5,1945
1224,238,26,4,6,1600
1224,244,27,3,5,1945
1224,245,27,4,6,1600
1224,251,28,3,5,1945
1224,252,28,4,6,1600
1224,258,29,3,5,1945
1224,259,29,4,6,1600
1224,265,30,3,5,1945
1224,266,30,4,6,1600
1224,272,31,3,5,1945
1224,273,31,4,6,1600
1224,279,32,3,5,1945
1224,280,32,4,6,1600
1224,286,33,3,5,1945
1224,287,33,4,6,1600
1224,293,34,3,5,1945
1224,294,34,4,6,1600
1224,300,35,3,5,1945
1224,301,35,4,6,1600
1224,307,36,3,5,1945
1224,308,36,4,6,1600
1224,314,37,3,5,1945
1224,315,37,4,6,1600
1224,321,38,3,5,1945
1224,322,38,4,6,1600
1224,329,39,0,10,1600
1224,336,40,0,10,1600
1228,328,1,1,3,1830
1228,329,1,2,3,1700
1228,20,2,1,3,1830
1228,21,2,2,3,1700
1228,27,3,1,3,1830
1228,28,3,2,3,1700
1228,34,4,1,3,1830
1228,35,4,2,3,1700
1228,41,5,1,3,1830
1228,42,5,2,3,1700
1228,48,6,1,3,1830
1228,49,6,2,3,1700
1228,55,7,1,3,1830
1228,56,7,2,3,1700
1228,62,8,1,3,1830
1228,63,8,2,3,1700
1228,69,9,1,3,1830
1228,70,9,2,3,1700
1228,76,10,1,3,1830
1228,77,10,2,3,1700
1228,83,11,1,3,1830
1228,84,11,2,3,1700
1228,90,12,1,3,1830
1228,91,12,2,3,1700
1228,97,13,1,3,1830
1228,98,13,2,3,1700
1228,104,14,1,3,1830
1228,105,14,2,3,1700
1228,111,15,1,3,1830
1228,112,15,2,3,1700
1228,118,16,1,3,1830
1228,119,16,2,3,1700
1228,125,17,1,3,1830
1228,126,17,2,3,1700
1228,132,18,1,3,1830
1228,133,18,2,3,1700
1228,139,19,1,3,1830
1228,140,19,2,3,1700
1228,146,20,1,3,1830
1228,147,20,2,3,1700
1228,153,21,1,3,1830
1228,154,21,2,3,1700
1228,216,22,1,3,1830
1228,217,22,2,3,1700
1228,223,23,1,3,1830
1228,224,23,2,3,1700
1228,230,24,1,3,1830
1228,231,24,2,3,1700
1228,237,25,1,3,1830
1228,238,25,2,3,1700
1228,244,26,1,3,1830
1228,245,26,2,3,1700
1228,321,27,1,3,1830
1228,322,27,2,3,1700
1228,258,28,1,3,1830
1228,259,28,2,3,1700
1228,265,29,1,3,1830
1228,266,29,2,3,1700
1228,272,30,1,3,1830
1228,273,30,2,3,1700
1228,279,31,1,3,1830
1228,280,31,2,3,1700
1228,300,32,1,3,1830
1228,301,32,2,3,1700
1228,307,33,1,3,1830
1228,308,33,2,3,1700
1228,321,34,0,6,1830
1228,335,35,0,6,1830
1232,237,1,1,1,1800
1232,237,1,2,4,2045
1232,238,1,1,2,1800
1232,238,1,3,8,2045
1232,244,2,1,1,1800
1232,244,2,2,4,2045
1232,245,2,1,2,1800
1232,245,2,3,8,2045
1232,257,3,0,1,1800
1232,257,3,0,1,2045
1232,258,3,2,4,2045
1232,259,3,0,1,1230
1232,259,3,4,7,1500
1232,259,3,1,1,2045
1232,265,4,0,1,1800
1232,265,4,2,4,2045
1232,266,4,1,1,1230
1232,266,4,3,8,1500
1232,266,4,1,1,2045
1232,271,5,0,1,1800
1232,271,5,0,1,2045
1232,272,5,0,1,1800
1232,272,5,2,2,2045
1232,273,5,1,1,1230
1232,273,5,3,8,1500
1232,273,5,1,1,2045
1232,279,6,0,1,1800
1232,279,6,2,4,2045
1232,280,6,1,1,1230
1232,280,6,3,8,1500
1232,280,6,1,1,2045
1232,292,7,0,1,1800
1232,292,7,0,1,2045
1232,293,7,0,1,1800
1232,293,7,2,2,2045
1232,294,7,1,1,1230
1232,294,7,3,8,1500
1232,294,7,1,1,2045
1232,300,8,0,1,1800
1232,300,8,2,4,2045
1232,301,8,1,1,1230
1232,301,8,3,8,1500
1232,301,8,1,1,2045
1232,292,9,1,3,1445
1232,292,9,5,9,1800
1232,292,9,1,3,2045
1232,307,10,0,1,1800
1232,307,10,2,4,2045
1232,308,10,0,1,1230
1232,308,10,3,7,1500
1232,308,10,1,1,2045
1232,309,10,1,1,2045
1232,314,11,0,1,1800
1232,314,11,2,4,2045
1232,315,11,1,1,1230
1232,315,11,3,8,1500
1232,315,11,1,1,2045
1232,328,12,0,1,1800
1232,328,12,2,4,2045
1232,329,12,1,1,1230
1232,329,12,3,7,1500
1232,329,12,1,1,2045
1232,330,12,0,1,1600
1232,335,13,0,1,1800
1232,335,13,2,4,2045
1232,336,13,1,1,1230
1232,336,13,3,7,1500
1232,336,13,1,1,2045
1232,337,13,0,1,2045
1232,226,14,1,1,1230
1232,226,14,3,7,1500
1232,226,14,1,1,2045
1232,226,14,0,1,2045
1232,219,15,0,1,1800
1232,219,15,2,4,2045
1232,220,15,1,1,1230
1232,220,15,3,7,1500
1232,220,15,1,1,2045
1232,221,15,0,1,2045
1232,205,16,0,1,1800
1232,205,16,2,4,2045
1232,206,16,1,1,1230
1232,206,16,3,7,1500
1232,206,16,1,1,2045
1232,207,16,0,1,2045
1232,371,17,1,1,1230
1232,371,17,3,8,1500
1232,371,17,1,1,2045
1232,372,17,0,1,1800
1232,372,17,2,4,2045
1232,377,18,0,1,1800
1232,377,18,2,4,2045
1232,378,18,1,1,1230
1232,378,18,3,8,1500
1232,378,18,1,1,2045
1232,384,19,0,1,1800
1232,384,19,2,4,2045
1232,385,19,1,1,1230
1232,385,19,3,8,1500
1232,385,19,1,1,2045
1232,391,20,0,1,1800
1232,391,20,2,4,2045
1232,392,20,0,1,1230
1232,392,20,3,7,1500
1232,392,20,1,1,2045
1232,393,20,1,1,2045
1232,398,21,0,1,1800
1232,398,21,3,5,2045
1232,399,21,1,1,1230
1232,399,21,3,7,1500
1232,399,21,0,1,2045
1232,401,22,2,6,2045
1232,402,22,5,9,2045
1232,405,23,0,1,1800
1232,405,23,2,4,2045
1232,406,23,1,1,1230
1232,406,23,3,8,1500
1232,406,23,1,1,2045
1232,409,24,2,2,1800
1232,409,24,5,13,2045
1232,412,25,0,1,1800
1232,412,25,2,4,2045
1232,413,25,1,1,1230
1232,413,25,3,8,1500
1232,413,25,1,1,2045
1232,419,26,0,1,1800
1232,419,26,2,4,2045
1232,420,26,0,1,1230
1232,420,26,3,7,1500
1232,420,26,1,1,2045
1232,421,26,1,1,2045
1232,426,27,0,1,1800
1232,426,27,2,4,2045
1232,427,27,0,1,1230
1232,427,27,3,7,1500
1232,427,27,1,1,2045
1232,428,27,1,1,2045
1232,432,28,0,1,2045
1232,433,28,0,1,1800
1232,433,28,2,4,2045
1232,434,28,1,1,1230
1232,434,28,3,7,1500
1232,434,28,1,1,2045
1232,440,29,0,1,1800
1232,440,29,2,4,2045
1232,441,29,1,1,1230
1232,441,29,3,8,1500
1232,441,29,1,1,2045
1232,447,30,0,1,1800
1232,447,30,2,4,2045
1232,448,30,1,1,1230
1232,448,30,3,8,1500
1232,448,30,1,1,2045
1232,460,31,0,1,2045
1232,461,31,0,1,1800
1232,461,31,2,4,2045
1232,462,31,1,1,1230
1232,462,31,3,7,1500
1232,462,31,1,1,2045
1232,468,32,0,1,1800
1232,468,32,2,4,2045
1232,469,32,1,1,1230
1232,469,32,3,8,1500
1232,469,32,1,1,2045
1232,475,33,0,1,1800
1232,475,33,2,4,2045
1232,476,33,1,1,1230
1232,476,33,3,8,1500
1232,476,33,1,1,2045
1232,482,34,0,1,1800
1232,482,34,2,4,2045
1232,483,34,1,1,1230
1232,483,34,3,8,1500
1232,483,34,1,1,2045
1232,490,35,1,1,1230
1232,490,35,3,8,1500
1232,490,35,1,1,1800
1232,490,35,2,5,2045
1232,496,36,0,1,1800
1232,496,36,2,4,2045
1232,497,36,1,1,1230
1232,497,36,3,8,1500
1232,497,36,1,1,2045
1232,504,37,0,10,2045
1232,521,38,0,10,2045
1232,230,39,0,10,2045
1236,215,1,1,2,1900
1236,216,1,1,3,1800
1236,217,1,2,3,2015
1236,222,2,1,2,1900
1236,223,2,1,3,1800
1236,224,2,2,3,2015
1236,229,3,1,2,1900
1236,230,3,1,3,1800
1236,231,3,2,3,2015
1236,236,4,1,2,1900
1236,237,4,1,3,1800
1236,238,4,2,3,2015
1236,243,5,1,2,1900
1236,244,5,1,3,1800
1236,245,5,2,3,2015
1236,264,6,1,2,1900
1236,265,6,1,3,1800
1236,266,6,2,3,2015
1236,271,7,1,2,1900
1236,272,7,1,3,1800
1236,273,7,2,3,2015
1236,292,8,1,2,1900
1236,293,8,1,3,1800
1236,294,8,2,3,2015
1236,299,9,1,2,1900
1236,300,9,1,3,1800
1236,301,9,2,3,2015
1236,306,10,1,2,1900
1236,307,10,1,3,1800
1236,308,10,2,3,2015
1236,327,11,1,2,1900
1236,328,11,1,3,1800
1236,329,11,2,3,2015
1236,334,12,1,2,1900
1236,335,12,1,3,1800
1236,336,12,2,3,2015
1236,376,13,1,2,1900
1236,377,13,1,3,1800
1236,378,13,2,3,2015
1236,383,14,1,2,1900
1236,384,14,1,3,1800
1236,385,14,2,3,2015
1236,390,15,1,2,1900
1236,391,15,1,3,1800
1236,392,15,2,3,2015
1236,397,16,1,2,1900
1236,398,16,1,3,1800
1236,399,16,2,3,2015
1236,404,17,1,2,1900
1236,405,17,1,3,1800
1236,406,17,2,3,2015
1236,411,18,1,2,1900
1236,412,18,1,3,1800
1236,413,18,2,3,2015
1236,418,19,1,2,1900
1236,419,19,1,3,1800
1236,420,19,2,3,2015
1236,425,20,1,2,1900
1236,426,20,1,3,1800
1236,427,20,2,3,2015
1236,432,21,1,2,1900
1236,433,21,1,3,1800
1236,434,21,2,3,2015
1236,439,22,1,2,1900
1236,440,22,1,3,1800
1236,441,22,2,3,2015
1236,453,23,1,2,1900
1236,454,23,1,3,1800
1236,455,23,2,3,2015
1236,460,24,1,2,1900
1236,461,24,1,3,1800
1236,462,24,2,3,2015
1236,467,25,1,2,1900
1236,468,25,1,3,1800
1236,469,25,2,3,2015
1236,474,26,1,2,1900
1236,475,26,1,3,1800
1236,476,26,2,3,2015
1236,481,27,1,2,1900
1236,482,27,1,3,1800
1236,483,27,2,3,2015
1236,488,28,1,2,1900
1236,489,28,1,3,1800
1236,490,28,2,3,2015
1236,495,29,1,2,1900
1236,496,29,1,3,1800
1236,497,29,2,3,2015
1236,502,30,1,2,1900
1236,503,30,1,3,1800
1236,504,30,2,3,2015
1236,509,31,1,2,1900
1236,510,31,1,3,1800
1236,511,31,2,3,2015
1236,516,32,1,2,1900
1236,517,32,1,3,1800
1236,518,32,2,3,2015
1236,523,33,1,2,1900
1236,524,33,1,3,1800
1236,525,33,2,3,2015
1236,513,34,1,2,1900
1236,514,34,1,3,1800
1236,514,34,2,3,2015
1236,520,35,1,2,1900
1236,521,35,1,3,1800
1236,521,35,2,3,2015
1240,285,1,3,3,1945
1240,286,1,2,2,1600
1240,289,2,5,5,1945
1240,320,3,3,3,1945
1240,321,3,2,2,1600
1240,324,4,5,5,1945
1240,450,5,5,5,1945
1240,453,6,3,3,1945
1240,454,6,2,2,1600
1240,614,7,3,3,1945
1240,615,7,2,2,1600
1240,618,8,5,5,1945
1240,649,9,3,3,1945
1240,650,9,2,2,1600
1240,653,10,5,5,1945
1240,684,11,3,3,1945
1240,685,11,2,2,1600
1240,688,12,5,5,1945
1240,814,13,5,5,1945
1240,817,14,3,3,1945
1240,818,14,2,2,1600
1240,978,15,3,3,1945
1240,979,15,2,2,1600
1240,982,16,5,5,1945
1240,1013,17,3,3,1945
1240,1014,17,2,2,1945
1240,1017,18,5,5,1945
1246,166,1,1,4,1915
1246,167,1,2,4,2145
1246,170,2,1,4,1915
1246,171,2,2,4,2145
1246,174,3,1,4,1915
1246,175,3,2,4,1830
1246,178,4,1,4,1915
1246,179,4,2,4,1830
1246,182,5,1,4,1730
1246,183,5,2,4,1830
1252,185,1,1,1,1930
1253,185,1,1,1,1930
1254,185,1,1,1,1930
1255,185,1,1,1,1930
1257,188,1,1,1,1930
1258,188,1,1,1,1930
1260,192,1,1,1,1930
1262,52,1,1,1,2030
1262,58,2,1,1,2030
1277,81,1,4,16,2200
1277,86,2,4,16,2200
1277,101,3,4,16,2200
1277,115,4,4,16,2200
1277,122,5,4,16,2200
1277,108,6,4,16,2200
1286,164,1,8,8,2100
1286,199,2,8,8,2100
1295,213,1,1,8,1930
1295,220,2,1,8,1930
1304,234,1,1,4,1930
1304,241,2,1,4,1930
1309,262,1,1,2,1930
1309,269,2,1,2,1930
1312,293,1,1,1,1930
1317,38,1,2,3,2030
1317,45,2,2,3,2030
1321,52,1,8,8,2030
1321,58,2,8,8,2030
1330,67,1,4,4,2030
1330,73,2,4,4,2030
1335,101,1,4,16,2200
1335,108,2,4,16,2200
1335,115,3,4,16,2200
1335,138,4,4,16,2200
1335,145,5,4,16,2200
1335,152,6,4,16,2200
1347,215,1,1,8,2145
1347,219,2,1,8,2145
1356,234,1,1,4,2145
1356,241,2,1,4,2145
1361,262,1,1,2,2145
1361,269,2,1,2,2145
1364,293,1,1,1,1600
1370,20,1,4,8,1830
1370,21,1,3,7,1600
1370,27,2,4,8,1830
1370,28,2,3,7,1600
1370,34,3,4,8,1830
1370,35,3,3,7,1600
1370,41,4,4,8,1830
1370,42,4,3,7,1600
1370,48,5,4,8,1830
1370,49,5,3,7,1600
1370,195,6,4,8,1830
1370,196,6,3,7,1600
1370,202,7,4,8,1830
1370,203,7,3,7,1600
1370,55,8,4,8,1830
1370,56,8,3,7,1600
1370,62,9,4,8,1830
1370,63,9,3,7,1600
1370,69,10,4,8,1830
1370,70,10,3,7,1600
1370,76,11,4,8,1830
1370,77,11,3,7,1600
1370,90,12,4,8,1830
1370,91,12,3,7,1600
1370,97,13,4,8,1830
1370,98,13,3,7,1600
1370,104,14,4,8,1830
1370,105,14,3,7,1600
1370,111,15,4,8,1830
1370,112,15,3,7,1600
1370,118,16,4,8,1830
1370,119,16,3,7,1600
1370,125,17,4,8,1830
1370,126,17,3,7,1600
1370,132,18,4,8,1830
1370,133,18,3,7,1600
1370,139,19,4,8,1830
1370,140,19,3,7,1600
1370,146,20,4,8,1830
1370,147,20,3,7,1600
1370,153,21,4,8,1830
1370,154,21,3,7,1600
1370,160,22,4,8,1830
1370,161,22,3,7,1600
1370,209,23,4,8,1830
1370,210,23,3,7,1600
1370,216,24,4,8,1830
1370,217,24,3,7,1600
1370,223,25,4,8,1830
1370,224,25,3,7,1600
1370,230,26,4,8,1830
1370,231,26,3,7,1600
1370,237,27,4,8,1830
1370,238,27,3,7,1600
1370,265,28,4,8,1830
1370,266,28,3,7,1600
1370,272,29,4,8,1830
1370,273,29,3,7,1600
1370,293,30,4,8,1830
1370,294,30,3,7,1600
1373,300,1,1,2,1200
1373,301,1,1,3,1600
1378,307,1,1,1,1200
1378,308,1,1,2,1600
1383,328,1,1,1,1600
1383,335,2,1,1,1600
1388,20,1,4,8,1830
1388,21,1,3,7,1600
1388,27,2,4,8,1830
1388,28,2,3,7,1600
1388,34,3,4,8,1830
1388,35,3,3,7,1600
1388,41,4,4,8,1830
1388,42,4,3,7,1600
1388,48,5,4,8,1830
1388,49,5,3,7,1600
1388,41,6,4,8,1830
1388,42,6,3,7,1600
1388,48,7,4,8,1830
1388,49,7,3,7,1600
1388,55,8,4,8,1830
1388,56,8,3,7,1600
1388,62,9,4,8,1830
1388,63,9,3,7,1600
1388,69,10,4,8,1830
1388,70,10,3,7,1600
1388,76,11,4,8,1830
1388,77,11,3,7,1600
1388,90,12,4,8,1830
1388,91,12,3,7,1600
1388,97,13,4,8,1830
1388,98,13,3,7,1600
1388,104,14,4,8,1830
1388,105,14,3,7,1600
1388,111,15,4,8,1830
1388,112,15,3,7,1600
1388,118,16,4,8,1830
1388,119,16,3,7,1600
1388,125,17,4,8,1830
1388,126,17,3,7,1600
1388,132,18,4,8,1830
1388,133,18,3,7,1600
1388,139,19,4,8,1830
1388,140,19,3,7,1600
1388,146,20,4,8,1830
1388,147,20,3,7,1600
1388,153,21,4,8,1830
1388,154,21,3,7,1600
1388,160,22,4,8,1830
1388,161,22,3,7,1600
1388,209,23,4,8,1830
1388,210,23,3,7,1600
1388,216,24,4,8,1830
1388,217,24,3,7,1600
1388,223,25,4,8,1830
1388,224,25,3,7,1600
1388,230,26,4,8,1830
1388,231,26,3,7,1600
1388,237,27,4,8,1830
1388,238,27,3,7,1600
1388,265,28,4,8,1830
1388,266,28,3,7,1600
1388,272,29,4,8,1830
1388,273,29,3,7,1600
1388,293,30,4,8,1830
1388,294,30,3,7,1600
1391,307,1,0,3,1200
1391,308,1,0,5,1600
1391,314,2,0,3,1200
1391,315,2,0,5,1600
1391,321,3,0,5,1200
1391,322,3,0,3,1600
1391,328,4,0,3,1200
1391,329,4,0,5,1600
1391,335,5,0,3,1200
1391,336,5,0,5,1600
1391,339,6,0,3,1200
1391,340,6,0,5,1600
1398,52,1,5,5,2130
1398,52,1,5,5,1930
1409,58,1,3,3,1930
1409,58,1,4,4,2030
1409,58,1,3,3,2130
1420,80,1,8,8,1930
1420,80,1,8,8,2130
1437,129,1,8,8,2045
1446,136,1,8,8,2030
1455,221,1,2,2,1600
1455,221,1,2,2,1830
1460,227,1,2,2,1830
1460,227,1,2,2,2045
1463,248,1,1,1,1900
1467,23,1,0,4,1945
1467,24,1,0,4,1830
1467,20,2,3,4,1945
1467,21,2,4,5,1700
1467,27,3,3,4,1945
1467,28,3,4,5,1700
1467,34,4,3,4,1945
1467,35,4,4,5,1700
1467,41,5,3,4,1945
1467,42,5,4,5,1700
1467,48,6,3,4,1945
1467,49,6,4,5,1700
1467,55,7,3,4,1945
1467,56,7,4,5,1700
1467,62,8,3,4,1945
1467,63,8,4,5,1700
1467,69,9,3,4,1945
1467,70,9,4,5,1700
1467,76,10,3,4,1945
1467,77,10,4,5,1700
1467,83,11,3,4,1945
1467,84,11,4,5,1700
1467,90,12,3,4,1945
1467,91,12,4,5,1700
1467,97,13,3,4,1945
1467,98,13,4,5,1700
1467,104,14,3,4,1945
1467,105,14,4,5,1700
1467,111,15,3,4,1945
1467,112,15,4,5,1700
1467,118,16,3,4,1945
1467,119,16,4,5,1700
1467,125,17,3,4,1945
1467,126,17,4,5,1700
1467,132,18,3,4,1945
1467,133,18,4,5,1700
1467,139,19,3,4,1945
1467,140,19,4,5,1700
1467,146,20,3,4,1945
1467,147,20,4,5,1700
1467,153,21,3,4,1945
1467,154,21,4,5,1700
1467,216,22,3,4,1945
1467,217,22,4,5,1700
1467,223,23,3,4,1945
1467,224,23,4,5,1700
1467,230,24,3,4,1945
1467,231,24,4,5,1700
1467,237,25,3,4,1945
1467,238,25,4,5,1700
1467,244,26,3,4,1945
1467,245,26,4,5,1700
1467,251,27,3,4,1945
1467,252,27,4,5,1700
1467,258,28,3,4,1945
1467,259,28,4,5,1700
1467,265,29,3,4,1945
1467,266,29,4,5,1700
1467,272,30,3,4,1945
1467,273,30,4,5,1700
1467,279,31,3,4,1945
1467,280,31,4,5,1700
1467,314,32,0,4,1945
1467,315,32,0,4,1700
1467,328,33,0,4,1945
1467,329,33,0,4,1700
1467,335,34,0,4,1945
1467,336,34,0,4,1700
1471,23,1,3,5,1945
1471,24,1,4,6,1830
1471,20,2,3,5,1945
1471,21,2,4,6,1600
1471,27,3,3,5,1945
1471,28,3,4,6,1600
1471,34,4,3,5,1945
1471,35,4,4,6,1600
1471,41,5,3,5,1945
1471,42,5,4,6,1600
1471,48,6,3,5,1945
1471,49,6,4,6,1600
1471,55,7,3,5,1945
1471,56,7,4,6,1600
1471,62,8,3,5,1945
1471,63,8,4,6,1600
1471,69,9,3,5,1945
1471,70,9,4,6,1600
1471,76,10,3,5,1945
1471,77,10,4,6,1600
1471,83,11,3,5,1945
1471,84,11,4,6,1600
1471,90,12,3,5,1945
1471,91,12,4,6,1600
1471,97,13,3,5,1945
1471,98,13,4,6,1600
1471,104,14,3,5,1945
1471,105,14,4,6,1600
1471,111,15,3,5,1945
1471,112,15,4,6,1600
1471,118,16,3,5,1945
1471,119,16,4,6,1600
1471,125,17,3,5,1945
1471,126,17,4,6,1600
1471,132,18,3,5,1945
1471,133,18,4,6,1600
1471,139,19,3,5,1945
1471,140,19,4,6,1600
1471,146,20,3,5,1945
1471,147,20,4,6,1600
1471,153,21,3,5,1945
1471,154,21,4,6,1600
1471,209,22,3,5,1945
1471,210,22,4,6,1600
1471,216,23,3,5,1945
1471,217,23,4,6,1600
1471,223,24,3,5,1945
1471,224,24,4,6,1600
1471,230,25,3,5,1945
1471,231,25,4,6,1600
1471,237,26,3,5,1945
1471,238,26,4,6,1600
1471,244,27,3,5,1945
1471,245,27,4,6,1600
1471,251,28,3,5,1945
1471,252,28,4,6,1600
1471,258,29,3,5,1945
1471,259,29,4,6,1600
1471,265,30,3,5,1945
1471,266,30,4,6,1600
1471,272,31,3,5,1945
1471,273,31,4,6,1600
1471,279,32,3,5,1945
1471,280,32,4,6,1600
1471,286,33,3,5,1945
1471,287,33,4,6,1600
1471,293,34,3,5,1945
1471,294,34,4,6,1600
1471,300,35,3,5,1945
1471,301,35,4,6,1600
1471,307,36,3,5,1945
1471,308,36,4,6,1600
1471,314,37,3,5,1945
1471,315,37,4,6,1600
1471,321,38,3,5,1945
1471,322,38,4,6,1600
1471,335,39,0,5,1945
1471,336,39,0,6,1600
1481,52,1,5,5,2030
1481,52,1,5,5,2130
1481,52,1,4,4,1930
1496,58,1,11,11,1930
1496,58,1,22,22,2030
1496,58,1,11,11,2130
1541,80,1,12,12,1930
1541,80,1,12,12,2130
1566,103,1,12,12,2030
1579,129,1,16,16,2045
1579,136,2,16,16,2030
1596,217,1,4,4,1600
1596,217,1,4,4,1830
1596,222,2,4,4,1830
1596,222,2,4,4,2045
1605,243,1,1,3,1930
1605,243,1,1,2,2230
1605,248,2,1,3,2130
1605,248,2,1,2,1945
1610,308,1,1,2,1600
1610,315,2,1,2,1600
1613,343,1,1,1,1600
1616,31,1,4,6,2030
1616,31,1,2,4,1830
1616,39,2,4,6,1830
1616,39,2,2,4,1930
1616,45,3,2,3,1830
1616,45,3,2,4,2045
1616,45,3,3,5,1900
1616,60,4,4,6,1930
1616,60,4,2,4,2130
1616,75,5,10,10,1930
1616,77,6,3,6,1600
1616,77,6,3,4,1915
1616,84,7,1,2,1830
1616,84,7,3,6,2100
1616,84,7,1,2,1915
1616,88,8,1,2,1830
1616,88,8,3,6,2100
1616,88,8,1,2,1915
1616,94,9,10,10,2030
1616,98,10,10,10,1600
1616,105,11,10,10,1600
1616,112,12,10,10,1600
1616,119,13,10,10,1600
1616,126,14,10,10,1600
1616,133,15,10,10,1600
1616,140,16,10,10,1600
1616,147,17,10,10,1600
1616,154,18,10,10,1600
1616,206,19,10,10,1930
1616,210,20,10,10,1600
1616,213,21,10,10,1930
1616,224,22,10,10,1630
1616,231,23,10,10,1630
1616,238,24,10,10,1630
1616,245,25,10,10,1630
1616,252,26,10,10,1630
1616,259,27,10,10,1630
1616,266,28,10,10,1630
1616,283,29,10,10,1900
1616,287,30,10,10,1800
1616,290,31,10,10,1800
1616,301,32,10,10,1800
1616,304,33,10,10,1930
1616,311,34,10,10,1930
1616,325,35,10,10,1930
1616,329,36,10,10,1600
1616,336,37,10,10,1600
1616,339,38,10,10,1930
1619,31,1,4,6,2030
1619,31,1,2,4,1830
1619,39,2,4,6,1830
1619,39,2,2,4,1930
1619,45,3,2,3,1830
1619,45,3,2,4,2045
1619,45,3,3,5,1900
1619,60,4,4,6,1930
1619,60,4,2,4,2130
1619,75,5,10,10,1930
1619,77,6,3,6,1600
1619,77,6,3,4,1915
1619,84,7,1,2,1830
1619,84,7,3,6,2100
1619,84,7,1,2,1915
1619,88,8,1,2,1830
1619,88,8,3,6,2100
1619,88,8,1,2,1915
1619,94,9,10,10,2030
1619,98,10,10,10,1600
1619,105,11,10,10,1600
1619,112,12,10,10,1600
1619,119,13,10,10,1600
1619,126,14,10,10,1600
1619,133,15,10,10,1600
1619,140,16,10,10,1600
1619,147,17,10,10,1600
1619,154,18,10,10,1600
1619,206,19,10,10,1930
1619,210,20,10,10,1600
1619,213,21,10,10,1930
1619,224,22,10,10,1630
1619,231,23,10,10,1630
1619,238,24,10,10,1630
1619,245,25,10,10,1630
1619,252,26,10,10,1630
1619,259,27,10,10,1630
1619,266,28,10,10,1630
1619,283,29,10,10,1900
1619,287,30,10,10,1800
1619,290,31,10,10,1800
1619,301,32,10,10,1800
1619,304,33,10,10,1930
1619,311,34,10,10,1930
1619,325,35,10,10,1930
1619,329,36,10,10,1600
1619,199,37,10,10,1600
1619,203,38,10,10,1930
1621,332,1,2,2,1830
1621,339,2,2,2,1830
1625,98,1,10,10,1600
1625,105,2,10,10,1600
1625,112,3,10,10,1600
1625,119,4,10,10,1600
1625,126,5,10,10,1600
1625,133,6,10,10,1600
1625,140,7,10,10,1600
1625,147,8,10,10,1600
1625,154,9,10,10,1600
1625,206,10,10,10,1930
1625,210,11,10,10,1600
1625,213,12,10,10,1930
1625,224,13,10,10,1630
1625,231,14,10,10,1630
1625,238,15,10,10,1630
1625,245,16,10,10,1630
1625,252,17,10,10,1630
1625,259,18,10,10,1630
1625,266,19,10,10,1630
1627,283,1,2,2,1830
1627,283,1,2,2,2045
1627,287,2,2,2,1600
1627,287,2,2,2,1800
1627,297,3,2,2,1930
1627,297,3,2,2,1800
1627,301,4,2,2,1600
1627,301,4,2,2,1800
1627,304,5,2,2,1800
1627,304,5,2,2,2030
1627,325,6,2,2,1800
1627,325,6,2,2,2030
1632,329,1,1,1,1900
1632,339,2,1,1,1900
1637,133,1,48,48,1600
1637,140,2,48,48,1600
1637,147,3,48,48,1600
1637,154,4,48,48,1600
1637,210,5,48,48,1600
1637,224,6,48,48,1630
1637,231,7,48,48,1630
1637,238,8,48,48,1630
1637,245,9,48,48,1630
1637,252,10,48,48,1630
1654,258,1,6,8,1600
1654,259,1,6,8,1930
1654,265,2,6,8,1600
1654,266,2,6,8,1930
1671,272,1,3,4,1600
1671,273,1,4,5,1930
1671,279,2,3,4,1600
1671,280,2,4,6,1930
1680,283,1,1,3,1600
1680,283,1,2,2,1930
1680,287,2,1,3,1600
1680,287,2,2,2,1930
1685,301,1,1,1,1600
1685,301,1,1,1,1930
1685,311,2,1,1,1800
1685,311,2,1,1,2015
1688,329,1,1,1,1600
1688,336,2,1,1,1600
1691,84,1,3,5,1830
1691,84,1,4,6,2100
1691,84,1,3,4,1915
1691,87,2,3,5,1830
1691,87,2,4,6,2100
1691,87,2,3,4,1915
1691,94,3,15,15,2030
1691,98,4,15,15,1600
1691,105,5,15,15,1600
1691,112,6,15,15,1600
1691,119,7,15,15,1600
1691,126,8,15,15,1600
1691,133,9,15,15,1600
1691,140,10,15,15,1600
1691,147,11,15,15,1600
1691,154,12,15,15,1600
1691,206,13,15,15,1930
1691,210,14,15,15,1600
1691,213,15,15,15,1930
1691,224,16,15,15,1630
1691,231,17,15,15,1630
1691,238,18,15,15,1630
1691,245,19,15,15,1630
1691,252,20,15,15,1630
1691,259,21,15,15,1630
1691,266,22,15,15,1630
1691,283,23,15,15,1900
1691,287,24,15,15,1800
1691,290,25,15,15,1800
1691,301,26,15,15,1800
1691,304,27,15,15,1930
1691,311,28,15,15,1930
1691,325,29,0,15,1930
1691,329,30,0,15,1600
1694,35,1,1,1,1600
1700,17,1,12,12,1600
1700,23,2,12,12,1600
1700,31,3,12,12,1600
1700,36,4,12,12,1600
1700,34,5,12,12,1930
1705,43,1,4,4,1600
1705,68,2,4,4,1930
1710,96,1,1,2,1930
1710,130,2,1,2,1930
1713,143,1,1,1,2100
1713,152,2,1,1,2100
1718,12,1,8,8,1945
1718,23,2,8,8,2130
1718,33,3,8,8,1800
1718,43,4,8,8,1800
1718,70,5,8,8,1945
1723,101,1,1,2,1815
1723,101,1,1,2,1845
1728,110,1,1,2,1930
1728,129,2,1,2,1930
1731,143,1,1,1,2100
1731,161,2,1,1,2100
1735,23,1,0,4,1945
1735,24,1,0,4,1830
1735,20,2,3,4,1945
1735,21,2,4,5,1700
1735,27,3,3,4,1945
1735,28,3,4,5,1700
1735,34,4,3,4,1945
1735,35,4,4,5,1700
1735,41,5,3,4,1945
1735,42,5,4,5,1700
1735,48,6,3,4,1945
1735,49,6,4,5,1700
1735,55,7,3,4,1945
1735,56,7,4,5,1700
1735,62,8,3,4,1945
1735,63,8,4,5,1700
1735,69,9,3,4,1945
1735,70,9,4,5,1700
1735,76,10,3,4,1945
1735,77,10,4,5,1700
1735,83,11,3,4,1945
1735,84,11,4,5,1700
1735,90,12,3,4,1945
1735,91,12,4,5,1700
1735,97,13,3,4,1945
1735,98,13,4,5,1700
1735,104,14,3,4,1945
1735,105,14,4,5,1700
1735,111,15,3,4,1945
1735,112,15,4,5,1700
1735,118,16,3,4,1945
1735,119,16,4,5,1700
1735,125,17,3,4,1945
1735,126,17,4,5,1700
1735,132,18,3,4,1945
1735,133,18,4,5,1700
1735,139,19,3,4,1945
1735,140,19,4,5,1700
1735,146,20,3,4,1945
1735,147,20,4,5,1700
1735,153,21,3,4,1945
1735,154,21,4,5,1700
1735,216,22,3,4,1945
1735,217,22,4,5,1700
1735,223,23,3,4,1945
1735,224,23,4,5,1700
1735,230,24,3,4,1945
1735,231,24,4,5,1700
1735,237,25,3,4,1945
1735,238,25,4,5,1700
1735,244,26,3,4,1945
1735,245,26,4,5,1700
1735,251,27,3,4,1945
1735,252,27,4,5,1700
1735,258,28,3,4,1945
1735,259,28,4,5,1700
1735,265,29,3,4,1945
1735,266,29,4,5,1700
1735,272,30,3,4,1945
1735,273,30,4,5,1700
1735,279,31,3,4,1945
1735,280,31,4,5,1700
1735,314,32,0,4,1945
1735,315,32,0,4,1700
1735,328,33,0,4,1945
1735,329,33,0,4,1700
1735,335,34,0,4,1945
1735,336,34,0,4,1700
1739,23,1,1,3,1830
1739,24,1,2,3,1930
1739,20,2,1,3,1830
1739,21,2,2,3,1700
1739,27,3,1,3,1830
1739,28,3,2,3,1700
1739,34,4,1,3,1830
1739,35,4,2,3,1700
1739,41,5,1,3,1830
1739,42,5,2,3,1700
1739,48,6,1,3,1830
1739,49,6,2,3,1700
1739,55,7,1,3,1830
1739,56,7,2,3,1700
1739,62,8,1,3,1830
1739,63,8,2,3,1700
1739,69,9,1,3,1830
1739,70,9,2,3,1700
1739,76,10,1,3,1830
1739,77,10,2,3,1700
1739,83,11,1,3,1830
1739,84,11,2,3,1700
1739,90,12,1,3,1830
1739,91,12,2,3,1700
1739,97,13,1,3,1830
1739,98,13,2,3,1700
1739,104,14,1,3,1830
1739,105,14,2,3,1700
1739,111,15,1,3,1830
1739,112,15,2,3,1700
1739,118,16,1,3,1830
1739,119,16,2,3,1700
1739,125,17,1,3,1830
1739,126,17,2,3,1700
1739,132,18,1,3,1830
1739,133,18,2,3,1700
1739,139,19,1,3,1830
1739,140,19,2,3,1700
1739,146,20,1,3,1830
1739,147,20,2,3,1700
1739,153,21,1,3,1830
1739,154,21,2,3,1700
1739,216,22,1,3,1830
1739,217,22,2,3,1700
1739,223,23,1,3,1830
1739,224,23,2,3,1700
1739,230,24,1,3,1830
1739,231,24,2,3,1700
1739,237,25,1,3,1830
1739,238,25,2,3,1700
1739,244,26,1,3,1830
1739,245,26,2,3,1700
1739,321,27,1,3,1830
1739,322,27,2,3,1700
1739,258,28,1,3,1830
1739,259,28,2,3,1700
1739,265,29,1,3,1830
1739,266,29,2,3,1700
1739,272,30,1,3,1830
1739,273,30,2,3,1700
1739,279,31,1,3,1830
1739,280,31,2,3,1700
1739,300,32,1,3,1830
1739,301,32,2,3,1700
1739,307,33,1,3,1830
1739,308,33,2,3,1700
1739,335,34,0,3,1830
1739,336,34,0,3,1930
1739,332,35,0,3,1830
1739,333,35,0,3,2100
1743,23,1,3,4,1945
1743,24,1,4,5,1830
1743,20,2,3,4,1945
1743,21,2,4,5,1700
1743,27,3,3,4,1945
1743,28,3,4,5,1700
1743,34,4,3,4,1945
1743,35,4,4,5,1700
1743,41,5,3,4,1945
1743,42,5,4,5,1700
1743,48,6,3,4,1945
1743,49,6,4,5,1700
1743,55,7,3,4,1945
1743,56,7,4,5,1700
1743,62,8,3,4,1945
1743,63,8,4,5,1700
1743,69,9,3,4,1945
1743,70,9,4,5,1700
1743,76,10,3,4,1945
1743,77,10,4,5,1700
1743,83,11,3,4,1945
1743,84,11,4,5,1700
1743,90,12,3,4,1945
1743,91,12,4,5,1700
1743,97,13,3,4,1945
1743,98,13,4,5,1700
1743,104,14,3,4,1945
1743,105,14,4,5,1700
1743,111,15,3,4,1945
1743,112,15,4,5,1700
1743,118,16,3,4,1945
1743,119,16,4,5,1700
1743,125,17,3,4,1945
1743,126,17,4,5,1700
1743,132,18,3,4,1945
1743,133,18,4,5,1700
1743,139,19,3,4,1945
1743,140,19,4,5,1700
1743,146,20,3,4,1945
1743,147,20,4,5,1700
1743,153,21,3,4,1945
1743,154,21,4,5,1700
1743,216,22,3,4,1945
1743,217,22,4,5,1700
1743,223,23,3,4,1945
1743,224,23,4,5,1700
1743,230,24,3,4,1945
1743,231,24,4,5,1700
1743,237,25,3,4,1945
1743,238,25,4,5,1700
1743,244,26,3,4,1945
1743,245,26,4,5,1700
1743,251,27,3,4,1945
1743,252,27,4,5,1700
1743,258,28,3,4,1945
1743,259,28,4,5,1700
1743,265,29,3,4,1945
1743,266,29,4,5,1700
1743,272,30,3,4,1945
1743,273,30,4,5,1700
1743,279,31,3,4,1945
1743,280,31,4,5,1700
1743,321,32,3,4,1945
1743,322,32,4,5,1700
1743,293,33,0,4,1945
1743,294,33,0,5,1700
1743,335,34,0,4,1945
1743,336,34,0,5,1700
1747,23,1,3,5,1945
1747,24,1,4,6,1830
1747,20,2,3,5,1945
1747,21,2,4,6,1600
1747,27,3,3,5,1945
1747,28,3,4,6,1600
1747,34,4,3,5,1945
1747,35,4,4,6,1600
1747,41,5,3,5,1945
1747,42,5,4,6,1600
1747,48,6,3,5,1945
1747,49,6,4,6,1600
1747,55,7,3,5,1945
1747,56,7,4,6,1600
1747,62,8,3,5,1945
1747,63,8,4,6,1600
1747,69,9,3,5,1945
1747,70,9,4,6,1600
1747,76,10,3,5,1945
1747,77,10,4,6,1600
1747,83,11,3,5,1945
1747,84,11,4,6,1600
1747,90,12,3,5,1945
1747,91,12,4,6,1600
1747,97,13,3,5,1945
1747,98,13,4,6,1600
1747,104,14,3,5,1945
1747,105,14,4,6,1600
1747,111,15,3,5,1945
1747,112,15,4,6,1600
1747,118,16,3,5,1945
1747,119,16,4,6,1600
1747,125,17,3,5,1945
1747,126,17,4,6,1600
1747,132,18,3,5,1945
1747,133,18,4,6,1600
1747,139,19,3,5,1945
1747,140,19,4,6,1600
1747,146,20,3,5,1945
1747,147,20,4,6,1600
1747,153,21,3,5,1945
1747,154,21,4,6,1600
1747,216,22,3,5,1945
1747,217,22,4,6,1600
1747,223,23,3,5,1945
1747,224,23,4,6,1600
1747,230,24,3,5,1945
1747,231,24,4,6,1600
1747,237,25,3,5,1945
1747,238,25,4,6,1600
1747,244,26,3,5,1945
1747,245,26,4,6,1600
1747,265,27,3,5,1945
1747,266,27,4,6,1600
1747,272,28,3,5,1945
1747,273,28,4,6,1600
1747,286,29,3,5,1945
1747,287,29,4,6,1600
1747,293,30,3,5,1945
1747,294,30,4,6,1600
1747,300,31,3,5,1945
1747,301,31,4,6,1600
1747,307,32,3,5,1945
1747,308,32,4,6,1600
1747,314,33,3,5,1945
1747,315,33,4,6,1600
1747,321,34,3,5,1945
1747,322,34,4,6,1600
1747,329,35,0,10,1600
1747,336,36,0,10,1600
1751,23,1,3,4,1945
1751,24,1,4,5,1700
1751,20,2,3,4,1945
1751,21,2,4,5,1700
1751,27,3,3,4,1945
1751,28,3,4,5,1700
1751,34,4,3,4,1945
1751,35,4,4,5,1700
1751,41,5,3,4,1945
1751,42,5,4,5,1700
1751,48,6,3,4,1945
1751,49,6,4,5,1700
1751,55,7,3,4,1945
1751,56,7,4,5,1700
1751,62,8,3,4,1945
1751,63,8,4,5,1700
1751,69,9,3,4,1945
1751,70,9,4,5,1700
1751,76,10,3,4,1945
1751,77,10,4,5,1700
1751,83,11,3,4,1945
1751,84,11,4,5,1700
1751,90,12,3,4,1945
1751,91,12,4,5,1700
1751,97,13,3,4,1945
1751,98,13,4,5,1700
1751,104,14,3,4,1945
1751,105,14,4,5,1700
1751,111,15,3,4,1945
1751,112,15,4,5,1700
1751,118,16,3,4,1945
1751,119,16,4,5,1700
1751,125,17,3,4,1945
1751,126,17,4,5,1700
1751,132,18,3,4,1945
1751,133,18,4,5,1700
1751,139,19,3,4,1945
1751,140,19,4,5,1700
1751,146,20,3,4,1945
1751,147,20,4,5,1700
1751,153,21,3,4,1945
1751,154,21,4,5,1700
1751,216,22,3,4,1945
1751,217,22,4,5,1700
1751,223,23,3,4,1945
1751,224,23,4,5,1700
1751,230,24,3,4,1945
1751,231,24,4,5,1700
1751,237,25,3,4,1945
1751,238,25,4,5,1700
1751,244,26,3,4,1945
1751,245,26,4,5,1700
1751,251,27,3,4,1945
1751,252,27,4,5,1700
1751,258,28,3,4,1945
1751,259,28,4,5,1700
1751,265,29,3,4,1945
1751,266,29,4,5,1700
1751,272,30,3,4,1945
1751,273,30,4,5,1700
1751,279,31,3,4,1945
1751,280,31,4,5,1700
1751,321,32,3,4,1945
1751,322,32,4,5,1700
1751,293,33,0,4,1945
1751,294,33,0,5,1700
1751,335,34,0,4,1945
1751,336,34,0,5,1700
1755,23,1,3,4,1945
1755,24,1,4,5,1700
1755,20,2,3,4,1945
1755,21,2,4,5,1700
1755,27,3,3,4,1945
1755,28,3,4,5,1700
1755,41,4,3,4,1945
1755,42,4,4,5,1700
1755,48,5,3,4,1945
1755,49,5,4,5,1700
1755,55,6,3,4,1945
1755,56,6,4,5,1700
1755,69,7,3,4,1945
1755,70,7,4,5,1700
1755,76,8,3,4,1945
1755,77,8,4,5,1700
1755,83,9,3,4,1945
1755,84,9,4,5,1700
1755,90,10,3,4,1945
1755,91,10,4,5,1700
1755,97,11,3,4,1945
1755,98,11,4,5,1700
1755,104,12,3,4,1945
1755,105,12,4,5,1700
1755,111,13,3,4,1945
1755,112,13,4,5,1700
1755,118,14,3,4,1945
1755,119,14,4,5,1700
1755,125,15,3,4,1945
1755,126,15,4,5,1700
1755,132,16,3,4,1945
1755,133,16,4,5,1700
1755,139,17,3,4,1945
1755,140,17,4,5,1700
1755,146,18,3,4,1945
1755,147,18,4,5,1700
1755,153,19,3,4,1945
1755,154,19,4,5,1700
1755,216,20,3,4,1945
1755,217,20,4,5,1700
1755,223,21,3,4,1945
1755,224,21,4,5,1700
1755,230,22,3,4,1945
1755,231,22,4,5,1700
1755,237,23,3,4,1945
1755,238,23,4,5,1700
1755,244,24,3,4,1945
1755,245,24,4,5,1700
1755,251,25,3,4,1945
1755,252,25,4,5,1700
1755,258,26,3,4,1945
1755,259,26,4,5,1700
1755,265,27,3,4,1945
1755,266,27,4,5,1700
1755,321,28,3,4,1945
1755,322,28,4,5,1700
1755,293,29,0,4,1945
1755,294,29,0,5,1700
1755,335,30,0,4,1945
1755,336,30,0,5,1700
1762,285,1,3,3,1945
1762,286,1,3,3,1600
1762,289,2,6,6,1945
1762,320,3,3,3,1945
1762,321,3,3,3,1600
1762,324,4,6,6,1945
1762,450,5,6,6,1945
1762,453,6,3,3,1945
1762,454,6,3,3,1600
1762,614,7,3,3,1945
1762,615,7,3,3,1600
1762,618,8,6,6,1945
1762,649,9,3,3,1945
1762,650,9,3,3,1600
1762,653,10,6,6,1945
1762,684,11,3,3,1945
1762,685,11,3,3,1600
1762,688,12,6,6,1945
1765,814,1,2,2,1945
1765,817,2,1,1,1945
1765,818,2,1,1,2045
1768,979,1,1,1,1930
1770,982,1,1,1,1930
1777,14,1,3,5,1600
1777,21,2,3,5,1600
1777,25,3,3,5,1930
1777,28,4,3,5,1600
1777,10,5,3,5,1830
1777,41,6,3,5,1800
1777,43,7,3,5,1600
1777,50,8,3,5,1830
1777,54,9,3,5,1600
1779,62,1,1,1,2030
1779,90,2,1,1,1800
1784,10,1,3,5,2100
1784,14,2,3,5,1600
1784,19,3,3,5,2100
1784,21,4,3,5,1600
1784,25,5,3,5,1800
1784,28,6,3,5,1600
1784,41,7,3,5,1930
1784,47,8,3,5,1930
1784,50,9,3,5,1830
1786,90,1,1,1,1700
1786,90,1,1,1,1930
1789,96,1,1,1,1930
1795,14,1,4,4,1600
1795,10,2,4,4,1930
1795,21,3,4,4,1600
1795,28,4,4,4,1600
1795,37,5,4,4,1945
1795,43,6,4,4,1945
1795,47,7,4,4,1830
1795,50,8,4,4,1945
1795,54,9,4,4,1900
1795,62,10,4,4,1930
1798,66,1,2,2,1830
1798,90,2,2,2,1930
1801,117,1,1,1,1800
1801,117,1,1,1,1900
1801,124,2,1,1,1745
1801,124,2,1,1,1900
1804,150,1,1,1,2030
1804,157,2,1,1,1900
1809,14,1,4,4,1600
1809,21,2,4,4,1600
1809,28,3,4,4,1600
1809,37,4,4,4,1945
1809,43,5,4,4,1945
1809,50,6,4,4,1945
1809,54,7,4,4,1900
1809,62,8,4,4,1930
1811,92,1,2,2,1915
1811,96,2,2,2,1915
1814,117,1,1,1,1800
1814,117,1,1,1,1900
1814,124,2,1,1,1800
1814,124,2,1,1,1900
1817,150,1,1,1,2030
1817,157,2,1,1,1900
1822,10,1,3,5,2100
1822,14,2,3,5,1600
1822,19,3,3,5,2100
1822,21,4,3,5,1600
1822,25,5,3,5,1800
1822,28,6,3,5,1600
1822,41,7,3,5,1930
1822,47,8,3,5,1930
1822,50,9,3,5,1830
1824,90,1,1,1,1700
1824,90,1,1,1,1930
1827,96,1,1,1,1930
1832,14,1,4,6,1600
1832,21,2,4,6,1600
1832,28,3,4,6,1600
1832,21,4,4,6,1600
1832,28,5,4,6,1600
1832,37,6,4,6,1945
1832,43,7,4,6,1945
1832,50,8,4,6,1945
1832,62,9,4,6,1900
1832,92,10,4,6,1930
1834,117,1,1,1,1800
1834,117,1,1,1,1900
1834,124,2,1,1,1800
1834,124,2,1,1,1900
1837,150,1,1,1,2030
1837,157,2,1,1,1900
1842,10,1,3,5,2100
1842,14,2,3,5,1600
1842,19,3,3,5,2100
1842,21,4,3,5,1600
1842,25,5,3,5,1800
1842,28,6,3,5,1600
1842,41,7,3,5,1930
1842,47,8,3,5,1930
1842,50,9,3,5,1830
1844,66,1,1,1,1830
1844,90,2,1,1,1930
1850,14,1,3,5,1600
1850,21,2,3,5,1600
1850,28,3,3,5,1600
1850,41,4,3,5,1830
1850,54,5,3,5,1830
1850,62,6,3,5,1730
1850,90,7,3,5,1745
1852,96,1,1,1,2030
1852,117,2,1,1,1830
1857,14,1,3,5,1600
1857,19,2,3,5,1600
1857,25,3,3,5,1930
1857,28,4,3,5,1600
1857,10,5,3,5,1830
1857,41,6,3,5,1800
1857,43,7,3,5,1600
1857,54,8,3,5,1830
1857,50,9,3,5,1600
1859,90,1,2,2,1930
1859,96,2,2,2,1930
1862,117,1,1,1,2030
1862,124,2,1,1,1930
1867,14,1,3,5,1600
1867,21,2,3,5,1600
1867,28,3,3,5,1600
1867,41,4,3,5,1830
1867,54,5,3,5,1830
1867,62,6,3,5,1730
1867,92,7,3,5,1745
1869,96,1,2,2,1845
1869,117,2,2,2,1930
1872,124,1,1,1,2030
1872,150,2,1,1,2030
1877,14,1,3,5,1600
1877,21,2,3,5,1600
1877,28,3,3,5,1600
1877,41,4,3,5,1830
1877,54,5,3,5,1830
1877,62,6,3,5,1730
1877,92,7,3,5,1745
1879,96,1,1,1,2030
1879,147,2,1,1,1600
1884,14,1,3,5,1600
1884,21,2,3,5,1600
1884,28,3,3,5,1600
1884,41,4,3,5,1830
1884,54,5,3,5,1830
1884,62,6,3,5,1730
1884,92,7,3,5,1745
1886,96,1,1,1,2030
1886,117,2,1,1,1830
1892,14,1,4,8,1600
1892,19,2,4,8,1845
1892,28,3,4,8,1600
1892,47,4,4,8,1830
1892,54,5,4,8,1900
1895,62,1,1,1,1700
1895,62,1,1,1,1930
1895,90,2,1,1,1700
1895,90,2,1,1,1930
1898,96,1,1,1,1930
1898,117,2,1,1,1930
1903,14,1,4,8,1600
1903,19,2,4,8,1845
1903,28,3,4,8,1600
1903,47,4,4,8,1830
1903,54,5,4,8,1900
1906,62,1,1,1,1700
1906,62,1,1,1,1930
1906,90,2,1,1,1700
1906,90,2,1,1,1930
1909,96,1,1,1,1930
1909,117,2,1,1,1930
1915,14,1,6,6,1600
1915,19,2,6,6,1845
1915,28,3,6,6,1600
1915,47,4,6,6,1830
1915,54,5,6,6,1900
1918,62,1,1,1,1700
1918,62,1,1,1,1930
1918,90,2,1,1,1700
1918,90,2,1,1,1930
1921,96,1,1,1,1930
1921,117,2,1,1,1930
1926,14,1,4,8,1600
1926,21,2,4,8,1600
1926,28,3,4,8,1600
1926,19,4,4,8,1845
1926,28,5,4,8,1600
1926,47,6,4,8,1830
1926,54,7,4,8,1900
1929,62,1,1,1,1700
1929,62,1,1,1,1930
1929,90,2,1,1,1700
1929,90,2,1,1,1930
1932,96,1,1,1,1930
1932,117,2,1,1,1930
1937,14,1,3,5,1600
1937,21,2,3,5,1600
1937,25,3,3,5,1930
1937,28,4,3,5,1600
1937,10,5,3,5,1830
1937,41,6,3,5,1800
1937,47,7,3,5,1600
1937,50,8,3,5,1830
1937,54,9,3,5,1600
1939,62,1,1,1,1700
1939,62,1,1,1,1930
1939,90,2,1,1,1700
1939,90,2,1,1,1930
1942,96,1,1,1,1930
1942,117,2,1,1,1930
1947,14,1,3,5,1600
1947,21,2,3,5,1600
1947,25,3,3,5,1930
1947,28,4,3,5,1600
1947,10,5,3,5,1830
1947,41,6,3,5,1800
1947,47,7,3,5,1600
1947,50,8,3,5,1830
1947,54,9,3,5,1600
1949,62,1,1,1,1700
1949,62,1,1,1,1930
1949,90,2,1,1,1700
1949,90,2,1,1,1930
1952,96,1,1,1,1930
1952,117,2,1,1,1930
1958,28,1,6,6,1600
1958,41,2,6,6,1830
1958,43,3,6,6,2000
1958,47,4,6,6,1830
1958,50,5,6,6,2100
1958,54,6,6,6,1730
1958,56,7,6,6,1830
1958,62,8,6,6,1830
1958,90,9,6,6,1900
1958,92,10,6,6,1845
1958,96,11,6,6,1845
1960,117,1,2,2,1900
1960,124,2,2,2,1900
1963,150,1,1,1,2030
1963,157,2,1,1,1730
1968,10,1,3,5,2100
1968,14,2,3,5,1600
1968,19,3,3,5,2100
1968,21,4,3,5,1600
1968,25,5,3,5,1800
1968,28,6,3,5,1600
1968,41,7,3,5,1930
1968,47,8,3,5,1930
1968,50,9,3,5,1830
1970,54,1,2,2,1830
1970,62,2,2,2,1430
1973,96,1,1,1,1830
1978,10,1,3,5,2100
1978,14,2,3,5,1600
1978,19,3,3,5,2100
1978,21,4,3,5,1600
1978,25,5,3,5,1800
1978,28,6,3,5,1600
1978,41,7,3,5,1930
1978,47,8,3,5,1930
1978,50,9,3,5,1830
1980,54,1,2,2,1830
1980,62,2,2,2,1430
1983,96,1,1,1,1830
1988,10,1,3,5,2100
1988,14,2,3,5,1600
1988,19,3,3,5,2100
1988,21,4,3,5,1600
1988,25,5,3,5,1800
1988,28,6,3,5,1600
1988,41,7,3,5,1930
1988,47,8,3,5,1930
1988,50,9,3,5,1830
1990,54,1,2,2,1830
1990,62,2,2,2,1430
1993,96,1,1,1,1830
1998,10,1,3,5,2100
1998,14,2,3,5,1600
1998,19,3,3,5,2100
1998,25,4,3,5,1800
1998,28,5,3,5,1600
1998,41,6,3,5,1930
1998,47,7,3,5,1930
2000,54,1,2,2,1830
2000,62,2,2,2,1430
2003,96,1,1,1,1830
2008,28,1,4,4,1600
2008,43,2,4,4,2000
2008,54,3,4,4,1730
2008,56,4,4,4,1830
2008,62,5,4,4,1830
2008,92,6,4,4,1845
2008,96,7,4,4,1845
2010,117,1,2,2,1900
2010,124,2,2,2,1900
2013,150,1,1,1,2030
2013,157,2,1,1,1730
2020,14,1,3,5,1600
2020,19,2,3,5,1600
2020,21,3,3,5,1600
2020,25,4,3,5,1600
2020,28,5,3,5,1600
2020,41,6,3,5,1600
2020,54,7,3,5,1845
2020,62,8,3,5,1600
2020,90,9,3,5,1830
2020,92,10,3,5,1845
2023,124,1,1,1,1800
2028,10,1,3,5,2100
2028,14,2,3,5,1600
2028,19,3,3,5,2100
2028,25,4,3,5,1800
2028,28,5,3,5,1600
2028,41,6,3,5,1930
2028,47,7,3,5,1930
2030,54,1,2,2,1830
2030,62,2,2,2,1430
2033,96,1,1,1,1830
2038,14,1,3,6,1600
2038,19,2,3,6,2100
2038,21,3,3,6,1600
2038,28,4,3,6,1600
2038,41,5,3,6,1930
2038,47,6,3,6,1930
2040,54,1,2,2,1830
2040,62,2,2,2,1430
2043,92,1,1,1,1830
2043,96,2,1,1,1915
2048,10,1,3,5,2100
2048,14,2,3,5,1600
2048,19,3,3,5,2100
2048,21,4,3,5,1600
2048,25,5,3,5,1800
2048,28,6,3,5,1600
2048,41,7,3,5,1930
2048,47,8,3,5,1930
2048,50,9,3,5,1830
2050,54,1,2,2,1830
2050,62,2,2,2,1430
2053,92,1,1,1,1830
2053,96,2,1,1,1915
2059,14,1,5,5,1600
2059,17,2,5,5,1600
2059,21,3,5,5,1600
2059,24,4,5,5,1600
2059,28,5,5,5,1600
2059,35,6,5,5,1930
2059,42,7,5,5,1930
2059,49,8,5,5,1930
2059,56,9,5,5,1930
2061,62,1,2,2,1600
2061,90,2,2,2,1845
2064,96,1,1,1,1930
2064,117,2,1,1,1930
2069,50,1,4,8,1930
2069,56,2,4,8,1900
2069,65,3,4,8,1600
2069,69,4,4,8,1600
2069,90,5,4,8,1900
2069,47,6,4,8,1930
2069,41,7,4,8,1600
2069,92,8,4,8,1930
2071,96,1,4,4,1945
2076,117,1,2,2,2000
2079,150,1,1,1,2100
2079,157,2,1,1,2100
2084,50,1,4,8,1930
2084,56,2,4,8,1900
2084,65,3,4,8,1600
2084,69,4,4,8,1600
2084,90,5,4,8,1900
2084,47,6,4,8,1930
2084,8,7,4,8,1900
2084,11,8,4,8,1930
2084,92,9,4,8,1930
2084,17,10,4,8,1930
2084,14,11,4,8,1600
2084,28,12,4,8,1600
2084,35,13,4,8,1600
2084,37,14,4,8,1930
2084,60,15,4,8,2000
2086,96,1,4,4,1945
2091,117,1,2,2,2000
2094,150,1,1,1,2100
2094,157,2,1,1,2100
2099,50,1,4,8,1930
2099,56,2,4,8,1900
2099,65,3,4,8,1600
2099,69,4,4,8,1600
2099,90,5,4,8,1900
2099,47,6,4,8,1930
2099,8,7,4,8,1900
2099,11,8,4,8,1930
2099,92,9,4,8,1930
2099,17,10,4,8,1930
2099,14,11,4,8,1600
2099,28,12,4,8,1600
2099,35,13,4,8,1600
2099,37,14,4,8,1930
2099,60,15,4,8,2000
2101,96,1,4,4,1945
2106,117,1,2,2,2000
2109,150,1,1,1,2100
2109,157,2,1,1,2100
2114,50,1,4,8,1930
2114,56,2,4,8,1900
2114,65,3,4,8,1600
2114,69,4,4,8,1600
2114,90,5,4,8,1900
2114,47,6,4,8,1930
2114,8,7,4,8,1900
2114,11,8,4,8,1930
2114,92,9,4,8,1930
2114,17,10,4,8,1930
2114,14,11,4,8,1600
2114,28,12,4,8,1600
2114,35,13,4,8,1600
2114,37,14,4,8,1930
2114,60,15,4,8,2000
2116,96,1,4,4,1945
2121,117,1,2,2,2000
2124,150,1,1,1,2100
2124,157,2,1,1,2100
2130,14,1,6,6,1600
2130,21,2,6,6,1600
2130,28,3,6,6,1600
2130,37,4,6,6,1930
2130,62,5,6,6,1845
2130,69,6,6,6,1830
2139,90,1,2,2,1600
2139,96,2,2,2,1900
2142,90,1,2,2,1830
2142,96,2,2,2,1730
2145,117,1,1,1,1600
2145,124,2,1,1,1600
2147,124,1,1,1,1600
2152,14,1,8,8,1600
2152,10,2,8,8,1930
2152,21,3,8,8,1600
2152,28,4,8,8,1600
2152,37,5,8,8,1945
2152,43,6,8,8,1945
2152,50,7,8,8,1945
2152,54,8,8,8,1900
2152,17,9,8,8,1930
2155,92,1,2,2,1900
2155,96,2,2,2,1930
2158,117,1,1,1,1815
2158,124,2,1,1,1930
2163,14,1,4,8,1600
2163,19,2,4,8,1845
2163,28,3,4,8,1600
2163,47,4,4,8,1830
2163,54,5,4,8,1900
2166,90,1,1,1,1700
2166,90,1,1,1,1930
2166,96,2,1,1,1700
2166,96,2,1,1,1930
2166,117,3,1,1,1700
2166,117,3,1,1,1930
2168,90,1,1,1,1700
2168,90,1,1,1,1930
2168,96,2,1,1,1700
2168,96,2,1,1,1930
2171,90,1,1,1,1700
2171,90,1,1,1,1930
2171,96,2,1,1,1700
2171,96,2,1,1,1930
2174,124,1,1,1,1830
2176,124,1,1,1,1830
2181,14,1,10,10,1600
2181,10,2,10,10,1930
2181,21,3,10,10,1600
2181,28,4,10,10,1600
2181,37,5,10,10,1945
2181,43,6,10,10,1945
2181,47,7,10,10,1830
2181,54,8,10,10,1900
2181,62,9,10,10,1930
2184,90,1,2,2,1945
2184,96,2,2,2,1945
2187,124,1,1,1,1830
2192,50,1,12,12,1930
2192,56,2,12,12,1900
2192,65,3,12,12,1600
2192,47,4,12,12,1930
2192,11,5,12,12,1930
2192,17,6,12,12,1930
2192,14,7,12,12,1600
2192,28,8,12,12,1600
2192,37,9,12,12,1930
2192,60,10,12,12,2000
2197,69,1,4,4,1500
2197,92,2,4,4,1945
2202,96,1,2,2,1830
2202,147,2,2,2,1500
2205,150,1,1,1,1900
2205,157,2,1,1,1900
2211,10,1,3,5,2100
2211,14,2,3,5,1600
2211,19,3,3,5,2100
2211,25,4,3,5,1800
2211,28,5,3,5,1600
2211,41,6,3,5,1930
2211,47,7,3,5,1930
2213,54,1,2,2,1830
2213,62,2,2,2,1430
2216,96,1,1,1,1830
2221,10,1,3,5,2100
2221,14,2,3,5,1600
2221,19,3,3,5,2100
2221,25,4,3,5,1800
2221,28,5,3,5,1600
2221,41,6,3,5,1930
2221,47,7,3,5,1930
2223,54,1,2,2,1830
2223,62,2,2,2,1430
2226,96,1,1,1,1830
2231,10,1,3,5,2100
2231,14,2,3,5,1600
2231,19,3,3,5,2100
2231,25,4,3,5,1800
2231,28,5,3,5,1600
2231,41,6,3,5,1930
2231,47,7,3,5,1930
2233,54,1,2,2,1830
2233,62,2,2,2,1430
2236,96,1,1,1,1830
