1|156|60350|Emirates Stadium||16|14
2|115|42788|Villa Park||12|10
3|134|31367|Ewood Park - Blackburn|ENG - Blackburn Rovers - Ewood Park|10|2
4|261|66081|AO VIVO|ENG - Macron Stadium - Bolton Wanderers|16|2
5|28|42000|Stamford Bridge||16|14
7|265|40157|Goodison Park||6|8
8|195|30493|Elland Road - Leeds|ENG - Leeds Utd - Elland Road|20|4
9|13|45400|Anfield||18|18
10|246|47405|Etihad Stadium||20|20
11|1|76200|Old Trafford||18|16
12|132|34742|Riverside Stadium - Middlesbrough|ENG - Middlesborough - Riverside Stadium|14|2
13|100|52350|St. James Park - Newcastle|ENG - St James Park - Newcastle|14|12
14|136|30576|City Ground - Nottingham|ENG - Nottingham Forrest - City Ground|6|2
15|337|18439|Loftus Road||10|2
17|113|32689|St. Mary's Stadium||20|4
18|116|36200|Tottenham Hotspur Stadium - London|ENG - Tottenham Hotspur - Tottenham Stadium|14|14
19|179|24628|London Stadium - London|ENG - West Ham - London Stadium|12|12
21|137|69900|Allianz Arena||20|18
22|9|81359|Signal Iduna Park||18|14
23|343|54000|Borussia-Park – Monchengladbach – GER|GER - Borussia Monchengladbach - Borussia-Park|10|10
25|179|24628|Europa-Park Stadion – Freiburg – GER|GER - SC Freiburg - Mage Solar Stadion|8|8
27|179|24628|_Stade Municipal|GER - DKB-Arena - Ostseestadion|6|2
28|41|57250|Imtech Arena (Volksparkstadion) – Hamburgo – GER|GER - Hamburger SV - Imtech Arena|18|4
29|129|49780|Fritz-Walter Stadion – Kaiserslautern – GER|GER - Kaiserslautern - Fritz-Walter Stadion|12|2
31|69|49968|RheinEnergieStadion – Colonia – GER|GER - 1. FC Koln - RheinEnergieStadion|8|6
32|147|32228|BayArena – Leverkusen – GER|GER - Bayer 04 Leverkusen - Bay Arena - v2|16|12
33|178|19086|_Stadion Neder|GER - Grunwalder stadion|16|2
34|30|62271|Veltins-Arena – Gelsenkirchen – GER|GER - FC Schalke 04 - Veltins Arena|16|6
36|66|60441|Mercedes-Benz Arena – Stuttgart – GER|GER - VfB Stuttgart - Mercedes-Benz Arena - v2|6|8
38|67|42358|Weserstadion – Bremen – GER|GER - SV Werder Bremen - Weserstadion|6|6
39|193|29756|Gewiss Stadium – Bergamo – ITA|ITA - Atalanta B.C. - Stadio Atleti Azzurri dItalia|14|12
44|5|83000|San Siro (Giuseppe Meazza) – Milao – ITA|ITA - San Siro - Inter|20|16
45|247|41000|Juventus Stadium||20|16
46|157|73261|Stadio Olimpico|ITA - Torino F.C. - Stadio Olimpico di Torino|16|14
47|5|83000|San Siro (Giuseppe Meazza) – Milao – ITA|ITA - San Siro - Milan|20|16
48|51|60240|Stadio Diego Armando Maradona – Napoles – ITA|ITA - Napoli - Stadio San Paolo|18|14
50|179|24628|Stadio Ennio Tardini – Parma – ITA|ITA - Parma - Stadio Ennio Tardini|10|6
52|157|73261|Stadio Olimpico|ITA - Torino F.C. - Stadio Olimpico di Torino|16|14
54|261|66081|Stadio Olimpico di Torino – Turim – ITA|ITA - Torino F.C. - Stadio Olimpico di Torino|12|8
55|178|19086|Dacia Arena (Stadio Friuli) – Udine – ITA|ITA - Udinese - Dacia Arena|6|6
57|179|24628|Stade de l’Abbe-Deschamps – Auxerre – FRA|FRA - Stade de Reims - Stade Auguste Delaune|4|2
58|179|24628|Stade Armand-Cesari – Bastia – FRA|FRA - SC Bastia - Stade Armand Cesari|12|2
62|179|24628|Stade du Roudourou – Guingamp – FRA|FRA - Guingamp - Stade du Roudourou|18|2
64|179|24628|Stade Bollaert-Delelis – Lens – FRA|FRA - RC Lens - Stade Bollaert-Delelis - v2|12|8
65|261|66081|Stade Pierre-Mauroy – Lille – FRA|FRA - Lille OSC - Stade Pierre-Mauroy|12|8
66|176|42987|Parc Olympique Lyonnais (Groupama Stadium) – Lyon – FRA|FRA - Lyon - Parc Olympique Lyonnais|14|8
68|179|24628|Stade Saint-Symphorien – Metz – FRA|FRA - FC Metz - Stade Saint Symphorien|2|2
69|93|19787|Stade Louis II – Monaco – FRA|FRA - Monaco - Stade Louis II - v2|16|10
70|179|24628|Stade de la Mosson – Montpellier – FRA|FRA - Montpellier HSC - Stade de la Mosson - v2|18|2
71|158|37473|Stade de la Beaujoire – Nantes – FRA|FRA - FC Nantes - Stade de la Beaujoire|6|2
72|176|42987|Allianz Riviera – Nice – FRA|FRA - OGC Nice - Allianz Riviera - v2|12|8
73|14|48700|Parc des Princes||20|18
74|179|24628|Roazhon Park – Rennes – FRA|FRA - Stade Rennais F.C. - Roazhon Park|12|8
76|179|24628|Stade de la Meinau – Estrasburgo – FRA|FRA - Stade de la Meinau - Strasssbourg|8|2
77|193|29756|Pittodrie Stadium – Aberdeen – SCO|SCO - Aberdeen - Pittodrie|16|6
78|91|19787|Celtic Park – Glasgow – SCO|SCO - Celtic - Celtic Park|20|12
80|193|29756|Tynecastle Stadium – Edimburgo – SCO|SCO - Hearts - Tynecastle Stadium|16|8
82|33|22685|Rugby Park – Kilmarnock – SCO|SCO - Kilmarnock|6|2
83|196|55299|Fir Park – Motherwell – SCO|SCO - Fir Park - Motherwell FC|10|4
86|249|19787|Ibrox Stadium – Glasgow – SCO|SCO - Rangers - Ibrox|20|12
88|179|24628|St. Andrews Stadium - Birmingham|ENG - St. Andrews Stadium - Birmingham City|14|2
89|195|30493|The Valley - London|ENG - The Valley - Charlton Athletic|2|2
91|249|19787|Pride Park - Derby|ENG - Derby County - Pride Park|6|2
92|179|24628|_Stade Municipal|ENG - Blundell Park|12|2
94|196|55299|Portman Road - Ipswich|ENG - Ipswich Town - Portman Road|20|2
95|335|32262|King Power Stadium||20|8
97|179|24628|The Den - London|ENG - Millwall - The Den|10|2
106|326|49000|Stadium of Light - Sunderland - ENG|ENG - Stadium of Light - Sunderland|10|2
109|327|27000|The Hawthorns||14|2
110|179|24628|Molineux Stadium - Wolverhampton|ENG - Wolverhampton Wanderers - Molineux Stadium|8|6
121|179|24628|_Stade Municipal|ENG - Alexandra Stadium - Crewe|8|2
127|179|24628|_Stade Municipal|ENG - Shrewsbury Town - New Meadow|8|2
135|179|24628|_Stade Municipal|FRA - Stade de Reims - Stade Auguste Delaune|4|2
142|249|19787|_Molton Road (Sheldon Stadium)|ENG - Keepmoat Stadium - Doncaster|4|2
143|179|24628|_Stade Municipal|FRA - Stade de Reims - Stade Auguste Delaune|6|2
144|179|24628|Craven Cottage - London|ENG - Fulham - Craven Cottage|10|4
149|179|24628|_Stade Municipal|ENG - Lincoln city - LNER Stadium|12|2
159|179|24628|Bielefelder Alm (SchucoArena) – Bielefeld – GER|GER - Arminia Bielefeld - Bielefelder Alm|6|2
160|359|31328|Ruhrstadion (Vonovia Ruhrstadion) – Bochum – GER|GER - VfL Bochum - Ruhrstadion|20|2
162|179|24628|_Stade Municipal|GER - Stadion der Freundschaft - Energie Cottbus|6|7
165|68|18000|Stadion am Laubenweg – Furth – GER|GER - SpVgg Greuther Furth - Stadion am Laubenweg|10|2
166|135|74200|Olympiastadion – Berlim – GER|GER - Hertha BSC - Olympiastadion|16|4
169|178|19086|Mewa Arena – Mainz – GER|GER - Mainz 05 - Coface Arena|8|4
171|195|30493|Frankenstadion (Max-Morlock-Stadion) – Nuremberg – GER|GER - 1. FC Nurnberg - Frankenstadion|14|2
172|179|24628|_Stade Municipal|GER - Alpenbauer Sportpark - SpVgg Unteraching|6|2
175|65|30000|Volkswagen Arena – Wolfsburg – GER|GER - VfL Wolfsburg - Volkswagen Arena - v2|12|10
180|179|24628|Dens Park – Dundee – SCO|SCO - Dens Park - Dundee FC|4|2
181|33|22685|Tannadice Park – Dundee – SCO|SCO - Tannadice Park|6|2
189|33|22685|Stadio Renato Dall’Ara – Bolonha – ITA|ITA - Bologna F.C. 1909 - Stadio Renato DallAra|10|4
191|147|32228|Red Bull Arena - Salzburg - AUT|AUT - FC Red Bull Salzburg - Red Bull Arena|20|12
199|193|29756|_Stadio Classico|ITA - Perugia - Stadio Renato Curi|12|2
200|179|24628|Stadio Adriatico – Pescara – ITA|ITA - Pescara - Stadio Adriatico - Giovanni Cornacchia|2|2
205|179|24628|Stadio Pierluigi Penzo – Veneza – ITA|ITA - Pierluigi Penzo - Venezia|14|2
206|323|60240|Stadio Marcantonio Bentegodi – Verona – ITA|ITA - Verona F.C. - Stadio Marcantonio Bentegodi|8|2
209|178|19086|UCP Arena - Graz - AUT|AUT - UCP Arena|18|10
210|179|24628|_Stade Municipal|FRA - FC Caen - Stade Michel d'Ornano|14|2
212|179|24628|Stade Gaston-Petit – Chateauroux – FRA|FRA - Stade Gaston-Petit|6|7
217|249|19787|Stade du Moustoir – Lorient – FRA|FRA - Lorient - Stade du Moustoir|6|2
219|29|60000|Stade Velodrome – Marselha – FRA|FRA - Stade Velodrome - OM|14|10
222|195|30493|_Estadio El Medio||8|2
223|179|24628|GSP Stadium - Nicosia - CYP|CYP - NEO GSP Stadium-Omonia FC|12|4
226|178|19086|_Stadion Neder|FRA - Stade Auguste-Bonal - Sochaux|14|2
229|179|24628|Constant Vanden Stock Stadium - Anderlecht - BEL|BEL - R.S.C. Anderlecht - Constant Vanden Stock Stadium|20|10
230|179|24628|_Stade Municipal|FRA - Stade de Reims - Stade Auguste Delaune|18|10
231|176|42987|Jan Breydel Stadium - Brugge - BEL|BEL - Club Brugge KV - Jan Breydel Stadium|20|12
232|176|42987|Stade Maurice Dufrasne - Liege - BEL|BEL - Standard de Liege - Stade Maurice Dufrasne|16|10
234|79|66147|Estadio da Luz – Lisboa – POR|POR - S.L. Benfica - Estadio da Luz|20|12
236|78|50035|Estadio do Dragao – Porto – POR|POR - FC Porto - Estadio do Dragao - v2|20|14
237|80|50095|Estadio Jose Alvalade – Lisboa – POR|POR - Sporting Clube de Portugal - Estadio Jose Alvalade - v2|20|10
240|42|54850|Estadio Vicente Calderon|ARG - Atletico Platense - Estadio Ciudad de Vicente Lopez|18|18
241|6|98750|Camp Nou||20|20
242|179|24628|Estadio Riazor – La Coruna – SPA|SPA - La Coruna - Estadio Riazor|8|2
243|2|81044|Santiago Bernabeu – Madrid – SPA|SPA - Santiago Bernabeu - FC25|20|20
244|179|24628|La Romareda – Zaragoza – SPA|SPA - Real Zaragoza - La Romareda|14|4
245|15|51300|Amsterdam ArenA|HOL - Ajax - Johan Cruyff ArenA|20|12
246|73|60240|De Kuip – Roterdam – HOL|HOL - Feyenoord - De Kuip|20|12
247|71|60240|Philips Stadion – Eindhoven – HOL|HOL - PSV Eindhoven - Philips Stadion|20|12
252|147|32228|Linzer stadion - Linz - AUT|AUT - Linzer stadion - LASK Linz|14|8
254|147|32228|Allianz Stadion - Wien - AUT|AUT - Allianz Stadion - Wien|16|12
256|195|30493|Generali Arena - Wien - AUT|AUT - Generali Arena - Austria Wien|12|6
259|193|29756|Balgarska Armiya Stadium - Sofia - BUL|BUL - CSKA Sofia - Bolgarska Armia Stadion|20|20
260|193|29756|Heliodoro Rodriguez Lopez – Santa Cruz de Tenerife – SPA|SPA - CD Tenerife - Estadio Heliodoro Rodriguez Lopez|16|2
263|179|24628|Stadion Poljud – Split – CRO|CRO - Hajduk Split - Stadion Polijud|18|8
266|158|37473|_Estadio de las Artes (Generic Stadium NG)|CZE - Letna - Slavia Praha|20|8
267|193|29756|Generali Arena – Praga – CZE|CZE - AC Sparta Prague - Czech Republic - Generali Arena|20|8
269|179|24628|Brøndby Stadion – Brøndby – DEN|DEN - Brondby IF - Brondby Stadion|16|4
270|179|24628|_Stade Municipal|FRA - Stade de Reims - Stade Auguste Delaune|10|2
271|33|22685|_Union Park (Euro Arena)|DEN - Ceres Park|14|2
272|179|24628|_Stade Municipal|FRA - Stade de Reims - Stade Auguste Delaune|8|2
278|196|55299|Olympic Stadium (OAKA) – Atenas – GRE|GRE - AEK Athens - Olympic Stadium|18|10
280|120|19787|Karaiskakis Stadium – Pireu – GRE|GRE - Olympiacos F.C - Karaiskakis Stadium|20|10
286|147|32228|Letzigrund – Zurique – SWI|SWI - Grasshoppers & FC Zurich - Letzigrund|12|6
294|178|19086|- Stade de l’Aube – Troyes – FRA|FRA - Stade de laube|10|2
298|179|24628|Lerkendal Stadion – Trondheim – NOR|NOR - Rosenborg - Lerkendal Stadion|14|6
299|193|29756|Stadio Via del Mare – Lecce – ITA|ITA - Stadio Via del Mare - Lecce|4|2
300|249|19787|Viking Stadion – Stavanger – NOR|NOR - Viking Stadion|16|2
301|178|19086|Stadion Widzewa – Lodz – POL|POL - Stadion Widzewa|12|4
305|179|24628|Dalymount Park Stadium – Dublin – REP|REP - Dalymount Park Stadium - Bohemian FC|14|2
306|179|24628|Tallaght Stadium – Dublin – REP|REP -Tallaght Stadium - Shamrock Rovers|20|4
308|261|66081|Stadionul Ion Oblemenco – Craiova – ROM|ROM - Stadionul Ion Oblemenco - Craiova|18|6
315|77|60240|Arena CSKA – Moscou – RUS|RUS - CSKA Moscow - Arena CSKA - v2|20|12
319|178|19086|Ullevi Stadion – Gotemburgo – SWE|SWE - IFK Goteborg - Ullevi Stadion|14|2
320|179|24628|Swedbank Stadion (Eleda Stadion) – Malmo – SWE|SWE - Malmo FF - Swedbank Stadion|20|8
321|147|32228|_Stadion Europa||6|2
322|147|32228|Letzigrund – Zurique – SWI|SWI - Grasshoppers & FC Zurich - Letzigrund|16|8
325|70|52650|Rams Park – Istambul – TUR|TUR - Rams Park - Galatasaray|20|14
326|502|50509|Sukru Saracoglu Stadium – Istambul – TUR|TUR - Fenerbahce S.K. - Sukru Saracoglu Stadium - v2|20|12
327|251|41903|Tupras Stadium – Istambul – TUR|TUR - Besiktas J.K. - Tupras Stadium|18|12
330|179|24628|_Stade Municipal|CZE - 1. HFK Olomouc stadion|10|4
346|179|24628|_Stade Municipal|FRA - Stade de Reims - Stade Auguste Delaune|10|10
354|179|24628|_Stade Municipal|FRA - Stade de Reims - Stade Auguste Delaune|6|2
357|179|24628|_Stade Municipal|ENG - Mazuma stadium|4|2
358|179|24628|Laithwaite Community Stadium - Woking|ENG - The Laithwaite Community Stadium|6|2
361|179|24628|_Stade Municipal|ENG - Lamex Stadium - Stevenage FC|10|2
378|179|24628|Stade Francis-Le Ble – Brest – FRA|FRA - Stade Francis Le - Ble-Brestois|10|6
379|179|24628|Stade Auguste-Delaune – Reims – FRA|FRA - Stade de Reims - Stade Auguste Delaune|20|2
381|179|24628|_Stade Municipal|ENG - Progression Solicitors Stadium - Barrow AFC|10|2
382|179|24628|_Stade Municipal|FRA - Stade de Reims - Stade Auguste Delaune|6|2
383|153|43713|Allianz Parque - Sao Paulo||19|14
393|122|19787|Toumba Stadium – Thessaloniki – GRE|GRE - PAOK FC - Toumba Stadium|18|8
417|178|19086|Aker Stadion – Molde – NOR|NOR - Molde - Aker Stadion|16|6
418|179|24628|_Stade Municipal|FRA - Stade de Reims - Stade Auguste Delaune|14|2
420|33|22685|Arena Zabrze – Zabrze – POL|POL - Arena Zabrze|14|4
423|179|24628|_Stade Municipal|FRA - Stade de Reims - Stade Auguste Delaune|14|2
433|193|29756|Friends Arena – Solna/Estocolmo – SWE|SWE - AIK Fotboll - Friends Arena|18|4
436|261|66081|Medical Park Arena – Trabzon – TUR|TUR - Trabzonspor - Huseyin Avni Aker Stadium|14|10
445|179|24628|_Stade Municipal|FRA - Stade de Reims - Stade Auguste Delaune|18|2
448|179|24628|San Mames Stadium – Bilbao – SPA|SPA - Athletic Bilbao - San Mames Stadium - v2|14|10
449|56|19787|Estadio Benito Villamarin – Sevilha – SPA|SPA - Real Betis - Estadio Benito Villamarin|12|6
450|63|19787|Estadio Municipal de Balaidos – Vigo – SPA|SPA - Celta de Vigo - Estadio Municipal de Balaidos|12|8
452|62|19787|RCDE Stadium (Cornella-El Prat) – Barcelona – SPA|SPA - Espanyol - Cornella-El Prat Stadium|20|6
453|33|22685|Iberostar Stadium (Son Moix) – Palma de Mallorca – SPA|SPA - RCD Mallorca - Iberostar Stadium|6|2
454|175|13827|_Arena del Centenario (Estadio del Pueblo)|BOL - Estadio IV Centenario|3|2
456|179|24628|Campos de Sport de El Sardinero – Santander – SPA|SPA - Racing de Santander - Campos de Sport de El Sardinero|10|2
457|55|19787|Anoeta Stadium (Reale Arena) – San Sebastian – SPA|SPA - Real Sociedad - Anoeta Stadium|14|8
459|179|24628|El Molinon – Gijon – SPA|SPA - Sporting de Gijon - El Molinon|14|2
461|10|53500|Estadio Mestalla||14|12
462|176|42987|Estadio Jose Zorrilla – Valladolid – SPA|SPA - Valladolid - Estadio Jose Zorrilla|4|2
463|179|24628|Mendizorrotza Stadium – Vitoria-Gasteiz – SPA|SPA - Alaves - Mendizorrotza Stadium|4|2
467|179|24628|Ipurua Municipal Stadium – Eibar – SPA|SPA - SD Eibar - Ipurua Municipal Stadium|20|2
468|179|24628|Estadio Manuel Martinez Valero – Elche – SPA|SPA - Elche CF - Estadio Manuel Martinez Valero|18|2
472|176|42987|Estadio Gran Canaria – Las Palmas – SPA|SPA - UD Las Palmas - Estadio Gran Canaria|4|2
479|64|19787|El Sadar Stadium – Pamplona – SPA|SPA - CA Osasuna - El Sadar Stadium|10|2
480|57|19787|Campo de Futbol de Vallecas – Madrid – SPA|SPA - Rayo Vallecano - Campo de Futbol de Vallecas|6|2
481|53|19787|Ramon Sanchez Pizjuan – Sevilha – SPA|SPA - Sevilla - Ramon Sanchez Pizjuan - v2|16|16
483|52|19787|Estadio de la Ceramica – Villarreal – SPA||16|14
485|72|50000|Niedersachsenstadion (HDI-Arena) – Hannover – GER|GER - Hannover 96 - Niedersachsenstadion|14|2
487|179|24628|_Stade Municipal|GER - Bremer Brucke - Osnabruck|2|2
489|175|13827|Estadio Algarve – Faro/Loule – POR|POR - Farense - Estadio Algarve|4|2
492|178|19086|_Stadion Neder|GER - BRITA-Arena|2|2
503|178|19086|Glucksgas Stadion (Rudolf-Harbig-Stadion) – Dresden – GER|GER - Dynamo Dresden - Glucksgas Stadion|4|2
506|178|19086|_Stadion Neder|GER - Erzgebirgsstadion - Erzgebirge Aue|16|2
517|194|43810|Estadio Nilton Santos - Rio de Janeiro - RJ|BRA - Nilton Santos - Botafogo|14|10
518|179|24628|Estadio Municipal Engenheiro Manuel Branco Teixeira – Chaves – POR|POR - Municipal Engenheiro Manuel Branco Teixeira|4|2
523|178|19086|_Stadion Neder|GER - Ludwings Park Stadion|16|2
526|178|19086|_Stadion Neder|GER - Stadion an der Hafenstrabe by Essen|8|2
531|179|24628|_Stade Municipal|FRA - Stade de Reims - Stade Auguste Delaune|2|2
537|179|24628|Alha Park - Genebre - SWI|HON - Aloha Park|4|2
561|179|24628|_Stade Municipal|ENG - The New Lawn - Forest Green Rovers|10|2
563|179|24628|_Stade Municipal|FRA - Stade de Reims - Stade Auguste Delaune|12|2
567|192|78838|Estadio do Maracana - Rio de Janeiro - RJ|BRA - Maracana - Fluminense|15|12
568|181|61846|Mineirao - Belo Horizonte||12|8
569|35|40209|Estadio Sao Januario - Rio de Janeiro - RJ|BRA - Sao Januario|14|9
570|147|32228|_Stadion Europa|ITA - Ternana Calcio - Stadio Libero Liberati|10|2
571|179|24628|_Stade Municipal|SPA - Recreativo de Huelva - Estadio Nuevo Colombino|11|10
573|179|24628|La Rosaleda Stadium – Malaga – SPA|SPA - Malaga CF - La Rosaleda Stadium|4|2
576|179|24628|Holstein-Stadion – Kiel – GER|GER - Holstein-Stadion - Holstein Kiel|12|2
580|147|32228|Ludwigsparkstadion – Saarbrucken – GER|GER - Ludwigs Park Stadion - Elversberg|6|2
598|183|72039|Morumbi - Sao Paulo||16|18
605|262|67000|King Fahd Stadium|SAU - Prince Faisal bin Fahd Stadium|20|14
607|345|84000|King Abdullah Sports City|SAU - King Abdullah Sports City|20|12
620|147|32228|Easter Road – Edimburgo – SCO|SCO - Hibernian - Easter Road|14|4
631|158|37473|Bayview Stadium - Methil – SCO|SCO - Bet Buttler|4|2
634|249|19787|Fortuna Sittard Stadion – Sittard – HOL|HOL - Fortuna Sittard Stadion|8|2
645|179|24628|_Stade Municipal|FRA - Stade de Reims - Stade Auguste Delaune|2|2
666|179|24628|Estadio do CD Aves – Vila das Aves – POR|POR - Estadio do CD Aves|4|2
670|228|42370|Stade du Pays de Charleroi - Charleroi - BEL|BEL - Stade du Pays de Charleroi|10|8
673|249|19787|Luminus Arena - Genk - BEL|BEL - KRC Genk - Luminus Arena|18|10
674|178|19086|Ghelamco Arena-Gent - Ghent - BEL|BEL - Ghelamco Arena-Gent|16|10
680|179|24628|Stayen Sint-Truiden - Sint-Truiden - BEL|BEL - Stayen Sint-Truiden|10|6
681|249|19787|Bosuilstadion - Antwerpen - BEL|BEL - Bosuilstadion|6|2
687|178|19086|Mapfre Stadium – Columbus|USA - Mapfre Stadium - Columbus Crew|20|4
688|197|55320|RFK Memorial Stadium – Washington|USA - D.C. United - RFK Memorial Stadium|14|6
689|179|24628|Giants Stadium – East Rutherford|USA - New York RB - Giants Stadium|14|8
691|107|39694|Gillette Stadium – Foxborough|USA - New England Revolution - Gillette Stadium|10|6
693|147|32228|Soldier Field – Chicago|USA - Chicago Fire - Soldier Field|8|2
694|158|37473|Dick’s Sporting Goods Park – Commerce City|USA - Dicks Sporting Goods Park - Colorado Rapids|8|2
695|175|13827|Toyota Stadium – Frisco|USA - Toyota Stadium - FC Dallas|12|4
696|178|19086|Children’s Mercy Park – Kansas City|USA - Childrens Mercy Park - Sporting Kansas City|14|4
697|92|19787|Dignity Health Sports Park – Carson|USA - LA Galaxy -  StubHub Center|20|12
698|105|39694|NRG Stadium – Houston|USA - Houston Dynamo - NRG Stadium|8|4
700|179|24628|Boras Arena – Boras – SWE|SWE - Boras Arena - IF Elfsborg|12|2
702|179|24628|Nya Parken (PlatinumCars Arena) – Norrkoping – SWE|FRA - Stade de Reims - Stade Auguste Delaune|16|2
708|147|32228|_Stadion Europa||16|2
710|147|32228|Tele2 Arena – Estocolmo – SWE|SWE - Tele2 Arena|18|2
711|178|19086|Bravida Arena – Gotemburgo – SWE|SWE - Bravida Arena - BK Hacken|14|2
717|179|24628|_Stade Municipal|FRA - Stade de Reims - Stade Auguste Delaune|8|2
730|179|24628|OFI Crete Stadium – Heraklion – GRE|GRE - OFI Crete Stadium|5|2
736|175|13827|Kleanthis Vikelidis Stadium – Thessaloniki – GRE|GRE - Kleanthis Vikelidis Stadium - Aris FC|6|3
741|195|30493|Antalya Arena – Antalya – TUR|TUR - Antalyaspor - Antalya Arena|10|6
744|179|24628|Estadio dos Arcos – Vila do Conde – POR|POR - Estadio dos Arcos|6|4
748|147|32228|Yeni Samsun 19 Mayis Stadyumu - Samessun - TUR|TUR - Yeni Samsun Stadium|8|6
753|179|24628|_Stade Municipal|FRA - Stade de Reims - Stade Auguste Delaune|8|2
780|178|19086|Keine Sorgen Arena - Ried - AUT|AUT - Keine Sorgen Arena|6|2
813|179|24628|_Stade Municipal|CZE - Stinadla - FK Teplice|8|2
819|147|32228|Parken Stadium – Copenhague – DEN|DEN - FC Copenhagen & Denmark - Parken Stadium - v2|20|8
834|179|24628|_Stade Municipal|FRA - Stade de Reims - Stade Auguste Delaune|8|2
837|179|24628|_Stade Municipal|REP - Oriel Park - Ireland|18|4
873|351|43269|INEA Stadium - Poznan – POL|POL - INEA Stadium Poznan|20|8
896|147|32228|St. Jakob-Park – Basileia – SWI|SWI - FC Basel - St Jakob-Park|16|12
897|249|19787|Swissporarena – Lucerna – SWI|SWI - Swissporarena - Luzern|12|6
898|158|37473|AFG Arena – St. Gallen – SWI|SWI - AFG Arena - St Gallen|12|8
900|147|32228|Stade de Suisse (Wankdorf) – Berna – SWI|SWI - BSC Young Boys - Stade de Suisse|18|10
918|179|24628|Aspmyra Stadion – Bodø – NOR|NOR - Aspmyra Stadion - Bodo Glimt|20|8
919|249|19787|_Molton Road (Sheldon Stadium)|ENG - London Road Stadium - Peterborough|18|4
920|179|24628|_Stade Municipal|FRA - Stade de Reims - Stade Auguste Delaune|10|4
974|158|37473|Seoul World Cup Stadium – Seul – KOR|KOR - Korea NT & FC Soeul - Seoul World Cup Stadium|20|8
980|176|42987|Daejeon World Cup Stadium – Daejeon – KOR|KOR - Daejeon World Cup Stadium|12|4
982|195|30493|Seoul World Cup Stadium – Seul – KOR|KOR - Korea NT & FC Soeul - Seoul World Cup Stadium|14|12
983|175|13827|Municipal Coronel Francisco Vieira - Itapira - SP|BRA - Municipal Coronel Francisco Vieira|2|0
1013|49|43963|Nuevo Gasometro - Buenos Aires - ARG|ARG - Nuevo Gasometro|18|14
1032|158|37473|Estadio Tecnologico – Monterrey – MEX|MEX - Monterrrey - Estadio Tecnologico|16|18
1035|31|47465|Arena MRV - Belo Horizonte - MG|BRA - Arena MRV|16|10
1039|228|42370|Arena da Baixada - Curitiba||14|8
1041|149|47605|Arena Corinthians - Itaquera||14|10
1043|192|78838|Estadio do Maracana - Rio de Janeiro - RJ|BRA - Maracana - Flamengo|20|14
1048|32|50038|Beira Rio - Porto Alegre||14|12
1053|212|16068|Vila Belmiro - Santos||12|16
1202|147|32228|Estadio Ricardo Saprissa Ayma – San Jose – COS|COS - Deportivo Saprissa - estadio Ricardo Saprissa AymA|20|6
1318|155|90000|Wembley Stadium||20|16
1319|249|19787|Air Albania Stadium - Albania|ALB - Albania NT - Air Albania Stadium|20|8
1322|195|30493|Ernst-Happel-Stadion - Wien - AUT|AUT - Austria - Ernst-Happel-Stadion|20|8
1325|197|55320|Brussel - BEL|BEL - Belgium - Stade Roi Baudouin|20|16
1327|33|22685|Vasil Levski Stadion - Sofia - BUL|BUL - Bulgaria NT - Vasil Levski Stadion|20|8
1328|193|29756|Stadion Maksimir – Zagreb – CRO|CRO - Dinamo Zagreb - Stadion Maksimir|20|13
1330|178|19086|Generali Arena – Praga – CZE|CZE - AC Sparta Prague - Czech Republic - Generali Arena|20|10
1331|147|32228|Parken Stadium – Copenhague – DEN|DEN - FC Copenhagen & Denmark - Parken Stadium - v2|20|10
1334|195|30493|Helsinki Olympic Stadium – Helsinki – FIN|FIN - Finland - Helsinki Olympic Stadium|20|6
1335|96|19787|Stade de France – Saint-Denis (Paris) – FRA|FRA - Stade de France - National Version|20|20
1337|135|74200|Olympiastadion||20|20
1338|178|19086|Olympic Stadium (OAKA) – Atenas – GRE|GRE - AEK Athens - Olympic Stadium|20|12
1342|193|29756|Sammy Ofer Stadium – Haifa – ISR|ISR - Sammy Ofer Stadium|20|10
1343|157|73261|Stadio Olimpico|ITA - Torino F.C. - Stadio Olimpico di Torino|20|18
1346|179|24628|LFF Stadium – Vilnius – LIT|LIT - Lithuania NT & Zalgiris Vilnius & Trakai & Polonia Vilnius - LFF Stadium|20|4
1352|249|19787|Ullevaal Stadion – Oslo – NOR|NOR - Norway - Ullevaal Stadion|20|10
1353|351|43269|Stadion Narodowy – Varsovia – POL|POL - Stadion Narodowy - NT Stadium Warsaw|20|10
1354|79|66147|Estadio da Luz||20|16
1355|158|37473|Aviva Stadium – Dublin – REP|REP - Republic of Ireland - Aviva Stadium|20|10
1356|195|30493|National Arena – Bucareste – ROM|ROM - FC Steaua Bucuresti & Romania - National Arena|20|10
1357|95|19787|Luzhniki Stadium – Moscou – RUS|RUS - Russia - Luzhniki Stadium|20|12
1359|195|30493|Hampden Park – Glasgow – SCO||20|8
1360|196|55299|MOL Arena – Dunajska Streda – SVK|SVK - MOL Arena|20|8
1362|2|81044|Santiago Bernabeu|SPA - Santiago Bernabeu - FC25|20|18
1363|147|32228|Friends Arena – Solna/Estocolmo – SWE|SWE - AIK Fotboll - Friends Arena|20|10
1364|147|32228|Stade de Suisse (Wankdorf) – Berna – SWI|SWI - BSC Young Boys - Stade de Suisse|20|8
1365|70|52650|Rams Park – Istambul – TUR|TUR - Rams Park - Galatasaray|20|8
1366|260|51504|NSC Olimpiyskiy – Kiev – UKR|UKR - Ukraine NT - NSC Olimpiyskiy|20|12
1367|197|55320|Millennium Stadium - Cardiff - WAL|WAL - Wales - Millennium Stadium|20|8
1369|3|53000|Ciudad de La Plata - Buenos Aires - ARG|ARG - Unico La Plata|20|18
1370|192|78838|Maracana - Rio de Janeiro||20|20
1375|193|29756|Estadio Defensores del Chaco – Assuncion – PAR|PAR - Defensores del Chaco|20|8
1377|364|30200|Estadio Centenario – Montevideu – URU|URU - Estadio Centenario|20|14
1383|193|29756|Estadio Nacional de Costa Rica – San Jose – CRC|CRC - Costa Rica NT - Estadio Nacional de Costa Rica|20|8
1386|104|105000|Estadio Azteca|WC26 - MEX - Estadio Banorte Azteca|20|14
1387|106|39694|Arrowhead Stadium – Kansas City|USA - Arrowhead Stadium|20|12
1391|147|32228|Stade Olympique de Rades – Rades – TUN|TUN - Stade 7 Novembre|20|6
1393|175|13827|Abuja National Stadium – Abuja – NIG|NIG - Abuja Stadium|20|8
1395|179|24628|Stade Ahmadou Ahidjo - Yaounde - CMR|CMR - Stade Ahmadou Ahidjo|20|8
1411|499|39694|Tokyo National Stadium – Tokyo – JPN|JAP - Tokyo National Stadium|20|10
1413|195|30493|Beijing National Stadium - Beijing - CHN|CHN - Beijing National Stadium|20|6
1415|196|55299|ANZ Stadium - Sydney - AUT|AUS - Australia - ANZ Stadium|20|10
1438|179|24628|_Stade Municipal|FRA - Stade de Reims - Stade Auguste Delaune|6|2
1439|147|32228|Guldfageln Arena – Kalmar – SWE|SWE - Guldfageln Arena - Kalmar FF|6|2
1443|179|24628|_Stade Municipal|FRA - Stade de Reims - Stade Auguste Delaune|10|2
1446|249|19787|_Molton Road (Sheldon Stadium)|ENG - London Road Stadium - Peterborough|4|2
1447|179|24628|_Stade Municipal|FRA - Stade de Reims - Stade Auguste Delaune|6|2
1473|196|55299|Ulsan Stadium – Ulsan – KOR|KOR - Ulsan Stadium|20|14
1474|196|55299|Pohang Steel Yard – Pohang – KOR|KOR - Pohang Steelers - Steel Yard|14|10
1477|175|13827|Estadio Joia da Princesa - Feira de Santana - BA|BRA - Joia da Princesa - Feira de Santana|5|1
1478|158|37473|Jeju World Cup Stadium – Seogwipo (Jeju) – KOR|KOR - Jeju World Cup Stadium|14|4
1480|179|24628|_Stade Municipal|FRA - Stade de Reims - Stade Auguste Delaune|12|2
1516|178|19086|MCH Arena – Herning – DEN|DEN - MCH Arena -Midtjylland|18|6
1524|178|19086|_Stadion Neder||6|2
1530|176|42987|Stade Raymond-Kopa – Angers – FRA|FRA - Stade Raymond Kopa|4|2
1569|178|19086|Kazimierz Gorski Stadium - Plock - POL|POL - Wisla Plock - Kazimierz Gorski Stadium|4|2
1571|179|24628|_Stade Municipal|FRA - Stade de Reims - Stade Auguste Delaune|10|2
1572|179|24628|_Stade Municipal|FRA - Stade de Reims - Stade Auguste Delaune|6|2
1598|180|51227|Arena Fonte Nova - Salvador||13|9
1629|229|54662|Arena do Gremio - P. Alegre|OLD - BRA - Olimpico Gremio|16|14
1667|147|32228|Stade Leopold Sedar Senghor – Dakar – SEN|SEN - Stade Leopold Sedar Senghor|20|8
1704|179|24628|_Stade Municipal|FRA - Stade de Reims - Stade Auguste Delaune|6|2
1713|33|22685|Stockhorn Arena – Thun – SWI|SWI - Stockhorn Arena - Thun|6|2
1719|175|13827|Estadio Barradao - Salvador - BA|BRA - Barradao|12|6
1738|176|42987|Stade Oceane – Le Havre – FRA|FRA - Stade Oceane - Le Havre AC|4|2
1739|249|19787|MMArena – Le Mans – FRA|FRA - MMArena|4|2
1744|179|24628|Stadio Alberto Braglia – Modena – ITA|ITA - Carpi F.C. 1909 & Modena F.C. - Stadio Alberto Braglia|6|2
1746|179|24628|Stadio Carlo Castellani – Empoli – ITA|ITA - Empoli F.C - Stadio Carlo Castellani|16|2
1750|261|66081|Brussel - BEL|BEL - Belgium - Stade Roi Baudouin|12|4
1754|147|32228|St. Mirren Park – Paisley – SCO|SCO - St. Mirren - St. Mirren Park|6|2
1755|179|24628|_Stade Municipal|FRA - Stade de Reims - Stade Auguste Delaune|4|2
1756|178|19086|_Stadion Neder||6|2
1757|179|24628|_Stade Municipal|FRA - Stade de Reims - Stade Auguste Delaune|10|2
1786|179|24628|_Stade Municipal|FRA - Stade de Reims - Stade Auguste Delaune|12|2
1788|178|19086|_Stadion Neder||12|2
1789|195|30493|Estadio Anacleto Campanella - Sao Caetano - SP|BRA - Anacleto Campanella|8|5
1790|112|21000|Fratton Park - Portsmouth|ENG - Fratton Park|6|2
1792|179|24628|Carrow Road - Norwich|ENG - Carrow Road - Norwich City|16|2
1793|249|19787|Madejski Stadium - Reading|ENG - Reading - Madejski Stadium|12|2
1794|179|24628|Bramall Lane - Sheffield|ENG - Bramall Lane Stadium - Sheffield United|18|2
1795|347|21000|Vicarage Road||12|2
1796|336|22546|Turf Moor||20|2
1797|249|19787|_Molton Road (Sheldon Stadium)|ENG - New York Stadium - Rotherham United|14|2
1798|249|19787|_Molton Road (Sheldon Stadium)|ENG - Stadium mk - Dons|20|2
1799|330|26309|Selhurst Park||8|4
1800|249|19787|Ricoh Arena - Coventry|ENG - Ricoh Arena - Coventry City|14|2
1801|179|24628|Deepdale - Preston|ENG - Preston - Deepdale|8|2
1802|179|24628|_Stade Municipal|ENG - Priestfield Stadium|16|2
1803|261|66081|AO VIVO|ENG - Bescot Stadium - Walsall FC|12|2
1804|179|24628|_Stade Municipal|ENG - Northern Commercials Stadium - Bradford|4|2
1805|178|19086|Stade des Alpes – Grenoble – FRA|FRA - Stade des Alpes|10|2
1806|331|27740|Britannia Stadium||10|2
1807|179|24628|Hillsborough - Sheffield|ENG - Sheffield Wednesday - Hillsborough|8|2
1808|249|19787|Falmer Stadium - Brighton|ENG - Brighton & Hove Albion - Falmer Stadium|10|6
1809|147|32228|Stadium Municipal – Toulouse – FRA|FRA - Toulouse FC - Stadium Municipal - v2|8|2
1814|179|24628|Stade Francis-Le Basser – Laval – FRA|FRA - Francis le Basser|12|2
1815|179|24628|Stade Gabriel-Montpied – Clermont-Ferrand – FRA|FRA - stade Gabriel Montpied|12|2
1816|178|19086|Stade de la Licorne – Amiens – FRA|FRA - Stade de la licorne - Amines|8|2
1819|179|24628|Stade Geoffroy-Guichard – Saint-Etienne - FRA|FRA - AS Saint-Etienne - Stade Geoffroy-Guichard - v2|20|2
1823|179|24628|Stade Marcel-Picot – Nancy – FRA|FRA - AS Nancy - Stade Marcel Picot|4|2
1824|176|42987|Commerzbank-Arena (Deutsche Bank Park) – Frankfurt – GER|GER - Eintracht Frankfurt - Commerzbank-Arena|14|12
1825|176|42987|AO VIVO|GER - Schauinsland-Reisen-Arena - MSV Duisburg|12|2
1826|33|22685|_Union Park (Euro Arena)|GER - Tivoli by Nisoley Bayreuth|12|3
1831|178|19086|Stadion An der Alten Forsterei – Berlim – GER|GER - 1. FC Union Berlin - Stadion An der Alten Forsterei|10|8
1832|33|22685|Wildparkstadion – Karlsruhe – GER|GER - Karlsruher SC - Wildparkstadion|10|2
1837|85|60240|Stadio Luigi Ferraris – Genova – ITA|ITA - Sampdoria - Stadio Luigi Ferraris|20|8
1842|193|29756|Stadio Sant’Elia – Cagliari – ITA|ITA - Cagliari Calcio - Stadio SantElia|6|2
1843|193|29756|Stadio Renzo Barbera – Palermo – ITA|ITA - U.S. Citta di Palermo - Stadio Renzo Barbera|18|2
1844|179|24628|_Stade Municipal|FRA - Stade de Reims - Stade Auguste Delaune|5|1
1845|179|24628|_Stade Municipal|ITA - Messina - Stadio San Filippo|8|2
1846|179|24628|_Stade Municipal|ITA - Stadio Rigamonti-Ceppi - Lecco|2|2
1847|179|24628|_Stade Municipal|ITA - Stadio Del Duca - Ascoli|14|2
1848|110|60240|Stadio San Nicola – Bari – ITA|ITA - F.C. Bari 1908 - Stadio San Nicola|12|2
1853|59|19787|Estadi Ciutat de Valencia – Valencia – SPA|SPA - Levante - Estadi Ciutat de Valencia|18|2
1854|178|19086|Estadio Carlos Belmonte – Albacete – SPA|SPA - Albacete - Estadio Carlos Belmonte|8|2
1855|176|42987|AO VIVO|SPA - Real Murcia - Estadio Nueva Condomina|10|9
1856|178|19086|_Stadion Neder|SPA - UD Salamanca - Estadio Helmantico|3|2
1860|61|19787|Coliseum Alfonso Perez – Getafe – SPA|SPA - Getafe CF - Coliseum Alfonso Perez|10|8
1861|179|24628|Estadio de los Juegos Mediterraneos – Almeria – SPA|SPA - Almeria - Estadio de los Juegos Mediterraneos|4|2
1862|178|19086|Stade de Geneve – Genebra – SWI|SUI - Stade Geneve - Servette|10|6
1867|179|24628|Estadio Nuevo Arcangel – Cordoba – SPA|SPA - Cordoba - Estadio Nuevo Arcangel|12|2
1871|131|31800|Pepsi Arena - Varsovia – POL||20|8
1874|158|37473|Pancho Arena – Felcsut – HUN|HUN - Pancho Arena|20|8
1876|344|67000|El Monumental - Argentina||20|18
1877|264|49000|La Bombonera - Argentina||20|18
1878|193|29756|Estadio Communale - Cidade do Mexico - MEX|MEX - Communale - Fake Cruz Azul|18|12
1879|104|105000|Estadio Azteca|WC26 - MEX - Estadio Banorte Azteca|20|18
1880|124|56713|Estadio Omnilife – Guadalajara – MEX|MEX - Estadio Omnilife-Guadalajara|16|16
1881|197|55320|Estadio Olimpico Universitario – Cidade do Mexico – MEX|MEX - Olimpico Universitario - UNAM Pumas|12|10
1882|147|32228|Estadio Nemesio Diez – Toluca – MEX|MEX - Toluca - Nemesio Diez|10|4
1884|121|19787|Apostolos Nikolaidis Stadium – Atenas – GRE|GRE - Panathinaikos - Apostolos Nikolaidis Stadium|14|8
1886|261|66081|Puskas Arena – Budapeste – HUN|HUN - Puskas Arena|20|8
1887|179|24628|Estadio D. Afonso Henriques – Guimaraes – POR|POR - Estadio DAfonso Henriques VGuimaraes|14|4
1888|179|24628|_Stade Municipal|FRA - Stade de Reims - Stade Auguste Delaune|8|2
1889|197|55320|Estadio do Restelo – Lisboa – POR|POR - Estadio do Restelo Belenenses|12|4
1891|179|24628|Estadio da Madeira – Funchal (Madeira) – POR|POR - Estadio da Madeira|6|2
1892|147|32228|Estadio Capital do Movel – Pacos de Ferreira – POR|POR - Estadio Capital do Movel - Pacos de Ferreira|10|2
1893|178|19086|Estadio dos Barreiros – Funchal (Madeira) – POR|POR - Estadio dos Barreiros|10|2
1894|179|24628|Estadio Alfonso Murube – Ceuta – SPA|SPA - Estadio Alfonso Murube|2|2
1895|196|55299|_Stadion Hanguk||8|2
1896|81|30154|Estadio Municipal de Braga – Braga – POR|POR - S.C. Braga - Estadio Municipal de Braga - v2|16|6
1898|179|24628|Estadio do Bessa – Porto – POR|POR - Boavista - Estadio do Bessa|10|2
1900|179|24628|Estadio Parque Joaquim de Freitas – Moreira de Conegos – POR|POR - Estadio Parque J de Freitas|8|2
1901|147|32228|Estadio Cidade de Coimbra – Coimbra – POR|POR - Estadio Cidade de Coimbra Academica|12|8
1903|179|24628|Stadion Galgenwaard – Utrecht – HOL|HOL - Stadion Galgenwaard - Utrecht|14|2
1904|179|24628|Rat Verlegh Stadion – Breda – HOL|HOL - Rat verlegh stadion - NAC Breda|4|2
1906|178|19086|AFAS Stadion – Alkmaar – HOL|HOL - AZ Alkmaar - AFAS Stadion|16|8
1908|176|42987|De Grolsch Veste – Enschede – HOL|HOL - De Grolsch Veste - FC Twente|14|4
1910|249|19787|Goffertstadion – Nijmegen – HOL|HOL - Goffertstadion - NEC Nijemegen|12|2
1913|176|42987|Abe Lenstra Stadion – Heerenveen – HOL|HOL - Abe-Lenstra-Stadion - SC Heerenveen|10|2
1914|249|19787|MAC³PARK Stadion – Zwolle – HOL|HOL - MAC3 PARK-Stadion - PEC Zwolle|8|2
1915|176|42987|Euroborg Stadion – Groningen – HOL|HOL - Euroborg stadion - Groningen|6|2
1917|179|24628|_Stade Municipal|FRA - Stade de Reims - Stade Auguste Delaune|14|2
1919|179|24628|Ashton Gate - Bristol|ENG - Ashton Gate - Bristol City|12|2
1920|228|42370|Arena da Baixada - Curitiba|ENG - Boundary Park - Oldham Ath|2|2
1923|179|24628|_Stade Municipal|ENG - Kenilworth Road - Luton|20|2
1924|178|19086|_Stadion Neder||9|4
1925|249|19787|Griffin Park - London|ENG - Griffin Park - FC Brentford|6|4
1926|249|19787|_Molton Road (Sheldon Stadium)|ENG - Bloomfield Road - Blackpool|14|2
1928|179|24628|_Stade Municipal|ENG - Vale Park - Port Vale|4|2
1929|249|19787|_Molton Road (Sheldon Stadium)|ENG - Plymouth Argylle - Home Park|18|2
1930|179|24628|_Stade Municipal|ENG - Sixfields Stadium - Northampton|6|2
1931|179|24628|_Stade Municipal|ENG - Edgeley Park|10|2
1932|179|24628|_Stade Municipal|ENG - Barnsley - Oakwe|14|2
1933|179|24628|_Stade Municipal|ENG - Adams Park - Wycombe Wanderers|16|2
1934|179|24628|_Stade Municipal|ENG - Swindon Town - County Ground|8|2
1935|179|24628|_Stade Municipal|FRA - Stade de Reims - Stade Auguste Delaune|6|2
1936|179|24628|_Stade Municipal|ENG - Whaddon Road - Cheltenham Town FC|4|2
1937|193|29756|_Stadio Classico||18|2
1938|179|24628|_Stade Municipal|ENG - London Road Stadium - Peterborough|12|2
1939|249|19787|_Molton Road (Sheldon Stadium)|ENG - Huddersfield - John Smith's Stadium|16|2
1940|179|24628|_Stade Municipal|FRA - Stade de Reims - Stade Auguste Delaune|6|2
1941|179|24628|Victoria Park - Hartlepool|ENG - Victoria Park|6|2
1943|348|11700|Vitality Stadium - Bournemouth|ENG - Vitality Stadium - Bournemouth|4|2
1944|179|24628|_Stade Municipal|ENG - Abbey Stadium - Cambridge Utd|12|2
1947|179|24628|Racecourse Ground - Wrexham - ENG|ENG - Racecourse Ground - Wrexham|12|2
1948|179|24628|_Stade Municipal|FRA - Stade de Reims - Stade Auguste Delaune|6|2
1949|179|24628|_Stade Municipal|ENG - Glanford Park - Scunthorpe United|16|2
1951|158|37473|Kassam Stadium - Oxford|ENG - Kassam stadium|4|2
1952|332|25586|MKM Stadium - Hull - ENG||14|2
1954|179|24628|_Stade Municipal|ENG - Roots Hall - Southend|6|2
1955|179|24628|_Stade Municipal|ENG - Spotland Stadium - Rochdale|12|2
1958|179|24628|_Stade Municipal|FRA - Stade de Reims - Stade Auguste Delaune|10|2
1960|333|20750|Liberty Stadium||10|2
1961|249|19787|_Molton Road (Sheldon Stadium)|ENG - Cardiff City - Cardiff City Stadium|20|2
1962|179|24628|_Stade Municipal|ENG - Memorial Stadium - Bristol Rovers|10|2
1964|179|24628|_Stade Municipal|FRA - Stade de Reims - Stade Auguste Delaune|1|1
1968|179|24628|Estadio Nuevo Mirandilla – Cadiz – SPA|SPA - Cadiz - Estadio Ramon de Carranza|8|2
1970|125|42000|Estadio Universitario – Monterrey – MEX|MEX - Tigres UANL - Estadio Universitario|18|14
1971|179|24628|Stadion Woudestein – Roterdam – HOL|HOL - Excelsior - Stadion Woudestein|2|2
2014|179|24628|Alha Park - Genebre - SWI|HON - Aloha Park|18|10
2017|175|13827|ProFertil Arena - Hartberg - AUT|AUT - ProFertil Arena - TSV Hartberg|6|2
2023|179|24628|_Stade Municipal|SPA - Estadio El Toralin - Ponferradina|12|2
2030|175|13827|_Arena del Centenario (Estadio del Pueblo)|BOL - Estadio IV Centenario|4|3
2038|193|29756|Stadio Partenio-Adriano Lombardi – Avellino – ITA|ITA - U.S. Avellino 1912 - Stadio Partenio-Adriano Lombardi|2|2
2041|179|24628|_Stade Municipal|FRA - Stade de Reims - Stade Auguste Delaune|6|4
2054|179|24628|_Stade Municipal|FRA - Stade de Reims - Stade Auguste Delaune|8|2
2055|158|37473|Suwon Civic Stadium – Suwon – KOR|KOR - Suwon Civic Stadium|12|2
2056|195|30493|Daegu Stadium – Daegu – KOR|KOR - Daegu Stadium|14|8
10018|147|32228|_Stadion Europa||8|2
10019|179|24628|Estadio Marcolino de Castro – Santa Maria da Feira – POR|POR - Marcolino de Castro|8|2
10020|175|13827|Estadio Antonio Coimbra de Mota – Estoril – POR|POR - Estadio Antonio Coimbra de Mota|8|2
10029|74|30164|Rhein-Neckar-Arena (PreZero Arena) – Sinsheim – GER|GER - Hoffenheim - Rhein-Neckar Arena|10|8
10030|249|19787|Benteler-Arena – Paderborn – GER|GER - SC Paderborn 07 - Benteler Arena|12|2
10031|179|24628|Estadio Municipal de Portimao – Portimao – POR|POR - Estadio Municipal de Portimao|6|2
10032|147|32228|Cornaredo Stadium – Lugano – SWI||8|4
10846|179|24628|Estadio El Plantio – Burgos – SPA|SPA - Burgos CF - EL PLANTIO|2|2
15001|179|24628|_Stade Municipal|FRA - Stade de Reims - Stade Auguste Delaune|4|2
15005|179|24628|_Stade Municipal|FRA - Stade de Reims - Stade Auguste Delaune|10|8
15009|147|32228|Cashpoint Arena - Altach - AUT|AUT - Cashpoint Arena - Altach|8|4
15012|178|19086|Estadio Reino de Leon – Leon – SPA|SPA - Estadio reino de leon|2|2
15015|179|24628|_Stade Municipal|ENG - Burton Albion - Pirelli Stadium|8|2
15019|193|29756|_Stadio Classico||5|1
15021|179|24628|_Stade Municipal|SPA - Sabadell - Estadi de la Nova Creu Alta|6|2
15029|378|47000|Estadio Nacional de Chile - Santiago - CHI|CHI - Estadio Nacional - Chile|20|14
15040|178|19086|Tivoli Stadion - Innsbruck - AUT|AUT - FC Wacker Innsbruck - WSG Tirol - Tivoli Stadion Tirol|2|2
15048|179|24628|_Stade Municipal|ENG - Prenton Park - Tranmere Rovers|14|2
100087|261|66081|Freethiel Stadion - Beveren - BEL|BEL - Freethiel Stadion - W. Beveren|8|4
100126|179|24628|_Stade Municipal|CRO - Gradski Vrt - Osijek|8|2
100130|179|24628|_Stade Municipal|CRO - Gradski Stadion IKA|8|2
100132|179|24628|_Stade Municipal|CRO - Stadion Andelko Herjavec - Varazdin|8|2
100133|179|24628|Stadion Kantrida – Rijeka – CRO|CRO - Rijeka - Stadion Kantrida|18|2
100142|179|24628|_Stade Municipal|CZE - Trinecky stadion|10|4
100143|179|24628|Stadion u Nisy – Liberec – CZE|CZE - FC Slovan Liberec - Stadion u Nisy|16|6
100149|179|24628|_Stade Municipal|CZE - Mestsky Stadion - Uherske Hradiste|16|4
100185|179|24628|_Stade Municipal|FRA - Stade de Reims - Stade Auguste Delaune|6|2
100290|179|24628|_Stade Municipal|FRA - Stade de Reims - Stade Auguste Delaune|8|2
100325|197|55320|Bolt Arena – Helsinki – FIN|FIN - Bolt Arena|20|2
100409|75|30660|SGL Arena (WWK Arena) – Augsburg – GER|GER - FC Augsburg - SGL Arena Augsburg|8|6
100594|179|24628|LFF Stadium – Vilnius – LIT|LIT - Lithuania NT & Zalgiris Vilnius & Trakai & Polonia Vilnius - LFF Stadium|20|2
100616|147|32228|Sheriff Stadium – Tiraspol – MDA|MDA - Sheriff Stadium by Nisoley|8|12
100632|249|19787|Stadion De Adelaarshorst – Deventer – HOL|HOL - Stadion De Adelaarshorst - Go Ahead Eagles|10|2
100634|178|19086|Polman Stadion – Almelo – HOL|HOL - Polman Stadion|8|2
100638|158|37473|_Estadio de las Artes (Generic Stadium NG)||4|3
100646|178|19086|Stadion Het Kasteel – Roterdam – HOL|HOL - Sparta Rotterdam-Stadion Het Kasteel|12|2
100741|179|24628|Estadio Municipal de Famalicao – Vila Nova de Famalicao – POR|POR - Municipal de Famalicao|8|2
100753|179|24628|_Stade Municipal|FRA - Stade de Reims - Stade Auguste Delaune|8|2
100757|249|19787|Stadionul Dinamo – Bucareste – ROM|ROM - Stadion Dinamo FC Dinamo Bucharest|8|4
100761|196|55299|Stadionul Ghencea – Bucareste – ROM|ROM - Stadionul Ghencea - Steaua|20|8
100765|119|60240|Lokomotiv Central Stadium – Moscou – RUS|RUS - Lokomotiv Moscow - Lokomotiv Central Stadium|18|10
100767|178|19086|Otkrytiye Arena – Moscou – RUS|RUS - FC Spartak Moscow - Otkrytiye Arena|20|8
100769|117|60240|Gazprom Arena – Sao Petersburgo – RUS|RUS - FC Zenit - Zenit Arena|20|14
100804|158|37473|McDiarmid Park – Perth – SCO|SCO - McDiarmid Park - St Johnstone|8|2
100810|193|29756|Stadion Pasienky – Bratislava – SVK|SVK - Stadion Pasienky - Slovan Bratislava|12|6
100816|193|29756|Ljudski vrt – Maribor – SLO|SLO - Slovenia NT & NK Maribor - Ljudski vrt|8|16
100831|179|24628|_Stade Municipal|SPA - Alcorcon - Santo Domingo|10|2
100851|193|29756|_Stadio Classico|SPA - Fc Cartagena - Estadio Cartagonova|8|2
100852|196|55299|Estadio Anxo Carro – Lugo – SPA|SPA - Estadio Anxo Carro|6|2
100879|175|13827|_Arena del Centenario (Estadio del Pueblo)|BOL - Estadio IV Centenario|10|10
100882|179|24628|_Stade Municipal|FRA - Stade de Reims - Stade Auguste Delaune|4|2
100888|179|24628|Estadio Municipal de Butarque – Leganes – SPA|SPA - Leganes - Municipal de Butarque HD|18|2
101014|178|19086|Basaksehir Fatih Terim Stadium – Istambul – TUR|TUR - Istanbul Basaksehir - Basaksehir Stadium|12|10
101020|261|66081|Kadir Has Stadium – Kayseri – TUR|TUR - Kadir Has stadium - Kayserispor|8|4
101025|178|19086|Ankara 19 Mayis Stadium – Ankara – TUR||12|6
101026|179|24628|Gursel Aksel Stadium – Esmirna – TUR|TUR - Gursel Aksel Stadium|8|2
101032|178|19086|Kocaeli Stadium – Izmit – TUR|TUR - Kocaeli Stadium|8|2
101033|147|32228|Konya Buyuksehir Stadium – Konya – TUR|TUR - Konyaspor - Konya Ataturk Stadium|12|6
101037|178|19086|Karabuk Stadium – Karabuk – TUR|TUR - Karabuk stadium - Rizespor|6|4
101045|158|37473|Chernomorets Arena – Odessa – UKR|UKR - Chernomorets Arena|16|4
101048|33|22685|NSC Olimpiyskiy – Kiev – UKR|UKR - Ukraine NT - NSC Olimpiyskiy|12|4
101055|179|24628|Stadion Desna – Chernihiv – UKR|UKR - Desna|8|2
101058|175|13827|Metalist Oblast Sports Complex – Kharkiv – UKR|UKR - Metalist Oblast Sports Complex|14|4
101059|260|51504|Charkiv Arena (Shakhtar Donetsk) – Kharkiv – UKR|UKR - Charkiv Arena - Shakhtar|20|14
101062|33|22685|Stadion Vorskla – Poltava – UKR|UKR - Vorska Poltava|14|2
101078|197|55320|Stozice Stadion – Liubliana – SLO|SLO - Stozice Stadion|20|12
101083|193|29756|Jorge Luis Hirschi - La Plata - ARG|ARG - Estadio Jorge Luis Hirschi|16|12
101084|23|20461|Juan Carmelo Zerillo - La Plata - ARG|ARG - Juan Carmelo Zerillo|4|2
101085|7|51389|Presidente Peron - Avellaneda - ARG|ARG - Juan Domingo Peron|18|14
101088|8|49540|Jose Amalfitani - Buenos Aires - ARG|ARG - Jose Amalfitani|16|12
101097|249|19787|Estadio Municipal de La Florida - Santiago - CHI|CHI - Bicentenario Municipal de la Florida - Audax Italiano|10|4
101100|193|29756|Estadio Atanasio Girardot – Medellin – COL|COL - Estadio Atanasio Girardot - Atletico Nacional & Independiente Medellin|20|14
101101|158|37473|Estadio Metropolitano Roberto Melendez – Barranquilla – COL|COL - Metropolitano Roberto Melendez - Junior|16|12
101102|158|37473|Estadio Deportivo Cali (Palmira) – Palmira – COL|COL - Palmira - Deportivo Cali|16|12
101103|193|29756|Estadio Atanasio Girardot – Medellin – COL|COL - Estadio Atanasio Girardot - Atletico Nacional & Independiente Medellin|14|10
101104|196|55299|Estadio Nemesio Camacho "El Campin" – Bogota – COL|COL - Nemesio Camacho - Millionarios|14|10
101105|196|55299|Estadio Nemesio Camacho "El Campin" – Bogota – COL|COL - Nemesio Camacho - Millionarios|18|10
101106|158|37473|Estadio Palogrande – Manizales – COL|COL - Estadio Palogrande - Onca Caldas|14|10
101112|248|21000|BC Place Stadium – Vancouver|CAN - BC Place Stadium Complete|8|4
101114|124|56713|Estadio Jalisco – Guadalajara – MEX|MEX - C.D. Oro & Club Universidad de Guadalajara & Club Atlas - Estadio Jalisco|6|2
101121|193|29756|Estadio Victoria – Aguascalientes – MEX|MEX - Estadio Victoria - Necaxa|8|8
101145|147|32228|Sankyo Frontier Kashiwa Stadium – Kashiwa – JPN|JAP - Sankyo Frontier Kashiwa Stadium|14|8
101146|249|19787|Kobe Stadium (Noevir Stadium Kobe) – Kobe – JPN|JAP - Kobe Stadium|12|10
101147|497|42000|Kashima Soccer Stadium – Kashima – JPN|JAP - Kashima Antlers - Kashima Soccer Stadium|18|12
101150|498|43000|Ajinomoto Stadium – Tokyo - JPN|JAP - Ajinomoto Stadium|14|10
101151|147|32228|Nissan Stadium – Yokohama – JPN|JAP - Yokohama F. Marinos - Nissan Stadium|18|8
105013|193|29756|Bilino Polje - Zenica - BIH|BIH - NK Celik Zenica & Bosnia NT - Bilino Polje|20|13
105035|15|51300|Amsterdam ArenA||20|16
105501|197|55320|Estadio Municipal Luiz Benedito - Ouvidor - GO|BRA - Estadio Municipal Luiz Benedito|1|0
105502|175|13827|Florestao - Rio Branco - AC|BRA - Florestao|2|0
105503|175|13827|Estadio Jose Liberatti - Osasco - SP|BRA - Jose liberatti - Osasco Audax|5|2
105504|175|13827|Estadio Flamarion Vasconcelos - Boa Vista - RO|BRA - Canarinho|2|1
105511|175|13827|Estadio Municipal Tenente Carrico - Penapolis - SP|BRA - Municipal Tenente Carrico|2|0
105516|175|13827|Estadio Batistao - Aracaju - SE|BRA - Batistao|5|1
105517|175|13827|Estadio Los Larios - Duque de Caxias - RJ|BRA - Los Larios|2|1
105519|175|13827|Estadio Teixeirao - Sao Jose do Rio Preto - SP|BRA - Teixeirao - America-SP|3|1
105520|175|13827|Estadio Nicolau Alayon - Sao Paulo - SP|BRA - Estadio Nicolau Alayon|2|0
105521|175|13827|Estadio Municipal Arnaldo Busato - Cascavel - PR|BRA - Estadio Municipal Arnaldo Busato|5|2
105522|175|13827|Estadio Egidio Jose Preima - Sorriso - MT|BRA - Estadio Egidio Jose Preima|2|0
105523|175|13827|Estadio Municipal Francisco Ferreira - Ipora - GO|BRA - Municipal Francisco Ferreira|1|1
105524|175|13827|Estadio Lacerdao - Caruaru - PE|BRA - Lacerdao - Central|2|0
105526|175|13827|Estadio Adauto Moraes - Juazeiro - BA|BRA - Adauto Moraes|4|1
105527|175|13827|Estadio Uberabao - Uberaba - MG|BRA - Uberabao|1|0
105528|175|13827|Estadio Domingos Silveira Gonzales - Tubarao - SC|BRA - Estadio Domingos Silveira Gonzales|3|0
105529|175|13827|Estadio Castor Cifuentes - Nova Lima - MG|BRA - Castor Cifuentes|3|1
105530|175|13827|Estadio do Passo D´areia - Porto Alegre - RS|BRA - Estadio do Passo DAreia|7|3
105531|175|13827|Estadio Boca do Lobo - Pelotas - RS|BRA - Boca do lobo - Pelotas|4|1
105532|103|19787|Estadio Ronaldao - Pocos de Caldas - MG|BRA - Ronaldao|4|0
105533|175|13827|Estadio Municipal Bruno Lazzarini - Leme - SP|BRA - Municipal Bruno Lazzarini|2|0
110058|179|24628|_Stade Municipal|FRA - Stade de Reims - Stade Auguste Delaune|2|1
110061|179|24628|_Stade Municipal|FRA - Stade de Reims - Stade Auguste Delaune|2|1
110062|193|29756|Estadi Montilivi – Girona – SPA|SPA - Girona FC - Estadi Montilivi|2|2
110065|179|24628|_Stade Municipal|FRA - Stade de Reims - Stade Auguste Delaune|2|2
110069|179|24628|Estadio Municipal de Anduva – Miranda de Ebro – SPA|SPA - Estadio Municipal de Anduva|6|2
110072|147|32228|Stadionul Eugen Popescu – Targovi?te – ROM|ROM - Stadionul Eugen Popescu - Chindia|6|2
110078|249|19787|Stadionul Ilie Oana – Ploie?ti – ROM|ROM - Ilie oana stadium|10|4
110082|197|55320|Stadion Rajko Mitic - Belgrado – SER|SER - Crvena Zvezda & Serbia NT - Stadion Rajko Mitic|20|12
110088|147|32228|Stadion Braci Czachorow – Radom – POL|POL - Stadion Braci Czachorow|8|2
110093|480|40000|Libertadores de America - Avellaneda - ARG|ARG - Libertadores de America|18|16
110144|179|24628|Estadio Corona – Torreon – MEX|MEX - Santos Laguna - Estadio Corona|12|8
110147|179|24628|Estadio Hidalgo – Pachuca – MEX|MEX - Estadio Hidalgo - Pachuca|12|14
110150|197|55320|Estadio La Corregidora – Queretaro – MEX|MEX - Queretaro - La Corregidora|6|2
110152|175|13827|Estadio Cuauhtemoc – Puebla – MEX|MEX - Puebla - Estadio Cuauhtemoc|4|2
110169|179|24628|_Stade Municipal|GER - GGZ Arena by Nisoley|12|5
110197|178|19086|_Stadion Neder|GER - Flyeralarm Arena - Wurzburger Kickers|6|4
110206|178|19086|GKS Katowice Stadion – Katowice – POL|POL - Katowice - GKS Katowice Stadion|10|2
110234|195|30493|VTB Arena – Moscou – RUS|RUS - VTB Arena|12|10
110242|179|24628|_Stade Municipal|SPA - A Malata|2|2
110313|179|24628|_Stade Municipal|ENG - Fraser Eagle Stadium - Accrington|8|2
110321|179|24628|Nouste Camp – Pau – FRA|FRA - Nouste Camp - Pau FC|6|2
110329|179|24628|Millerntor-Stadion – Hamburgo – GER|GER - Millerntor Stadion|16|2
110364|33|22685|_Union Park (Euro Arena)|ITA - Calcio Catania - Stadio Angelo Massimino|8|2
110373|193|29756|_Stadio Classico|ITA - Stadio Arechi - Salernitana|6|2
110374|193|29756|Stadio Artemio Franchi – Florenca – ITA|ITA - Fiorentina - Stadio Artemio Franchi - v2|12|10
110378|147|32228|Arena da Floresta - Rio Branco - AC|BRA - Arena da Floresta - Atletico AC e Rio Branco|2|0
110379|158|37473|Iraklis Stadium – Thessaloniki – GRE|GRE - Iraklis stadium|8|2
110380|249|19787|Xanthi Arena – Xanthi – GRE|GRE - Xanthi Arena|5|2
110392|175|13827|_Arena del Centenario (Estadio del Pueblo)|ARG - Monumental de Rafaela|7|3
110394|175|13827|_Arena del Centenario (Estadio del Pueblo)|ARG - Julio Humberto Grondona|8|6
110395|25|47027|Ciudad de Lanus - Lanus - ARG|ARG - La Fortaleza|12|10
110396|27|47027|Marcelo Bielsa - Santa Fe - ARG|ARG - Marcelo Bielsa|14|8
110404|36|34901|Florencio Sola - Banfield - ARG|ARG - Florencio Sola|10|4
110406|175|13827|_Arena del Centenario (Estadio del Pueblo)|ARG - Brigadier Gral E. Lopez|8|5
110452|175|13827|Peristeri Stadium (Atromitos) – Atenas – GRE|GRE - Atromitos - Pelisteri Stadium|6|2
110456|178|19086|_Stadion Neder|FRA - Stade Nungesser|6|2
110464|179|24628|_Stade Municipal|FRA - Stade de Reims - Stade Auguste Delaune|10|4
110466|179|24628|_Stade Municipal|CZE - Letna - Zlin|12|2
110467|179|24628|_Stade Municipal|CZE - Mestsky Fotbalovy Stadion - Srbska|16|4
110468|179|24628|Doosan Arena – Plzen – CZE|CZE - FC Viktoria Plzen - Doosan Arena|18|6
110472|179|24628|_Stade Municipal|CZE - Lokotrans Arena - Mlada Boleslav|12|4
110473|179|24628|_Stade Municipal|CZE - Strelecky Ostrov - Dynamo Ceske Budejovice|6|2
110500|249|19787|Eintracht-Stadion – Braunschweig – GER|GER - Eintracht Braunschweig - Eintracht-Stadion|4|2
110501|179|24628|_Stade Municipal|GER - Home-Deluxe Arena SC Verl by Nisoley|4|2
110502|175|13827|Merck-Stadion am Bollenfalltor – Darmstadt – GER|GER - SV Darmstadt 98 - Merck-Stadion am Bollenfalltor|12|2
110532|178|19086|_Stadion Neder|GER - Carl-Benz Stadion|16|2
110536|178|19086|Asteras Tripoli Stadium – Tripoli – GRE|GRE - Asteras Tripoli F.C|5|2
110540|175|13827|Estadio Colosso do Tapajos - Santarem - PA|BRA - Colosso do Tapajos|3|1
110548|175|13827|Estadio Monumental de SESI - Blumenau - SC|BRA - Estadio Monumental de SESI|4|2
110549|179|24628|Estadio Luso Brasileiro - Ilha do Governador - RJ|BRA - Luso Brasileiro|5|2
110554|158|37473|_Estadio de las Artes (Generic Stadium NG)|ARG - Centenario Quilmes|13|3
110556|147|32228|Stadio Luigi Ferraris – Genova – ITA|ITA - Stadio Luigi Ferraris - Genoa|10|6
110569|179|24628|_Stade Municipal|FRA - Stade Gaston Gerard|10|2
110576|179|24628|_Stade Municipal|FRA - Stade marcel verchere|8|3
110580|193|29756|Gigante de Arroyito - Rosario - ARG|ARG - Gigante de Arroyito|10|8
110581|175|13827|_Arena del Centenario (Estadio del Pueblo)|ARG - Presbitero Bartolome Grella|5|3
110588|178|19086|MDCC-Arena – Magdeburg – GER|GER - MDCC Arena|8|2
110597|178|19086|_Stadion Neder|GER - Haensch-Arena - SV Meppen|6|4
110636|261|66081|Esprit Arena (Merkur Spiel-Arena) – Dusseldorf – GER|GER - Fortuna Dusseldorf - Esprit Arena|16|2
110645|179|24628|_Stade Municipal|GER - Sportpark Hohenberg - Viktoria Koln|14|2
110678|179|24628|_Stade Municipal|GER - HDI Arena - TSV Havelse|2|2
110714|179|24628|_Stade Municipal|FRA - Stade de Reims - Stade Auguste Delaune|4|2
110720|178|19086|_Stadion Neder||8|2
110724|147|32228|AFAS Stadion - Mechelen - BEL|BEL - AFAS Stadion|10|8
110734|179|24628|_Stade Municipal|ITA - Crotone - Stadio Ezio Scida|2|2
110738|182|32983|Arena Garibaldi – Pisa – ITA|ITA - Pisa - Arena Garibaldi|14|2
110740|179|24628|MAPEI Stadium – Reggio Emilia – ITA|ITA - MAPEI Stadium - AC Reggiana|6|2
110741|179|24628|Stadio Alberto Picco – La Spezia – ITA|ITA - Spezia Calcio - Stadio Alberto Picco|14|2
110745|147|32228|Bialystok City Stadium – Bialystok – POL|POL - Jagiellonia Bialystok - Bialystok City Stadium|16|6
110746|178|19086|Florian Krygier Stadion – Szczecin – POL|POL - Pogon Szczecin - Florian Kryger Stadion|14|4
110747|179|24628|Stadion Jozef Pilsudski – Cracovia – POL|POL - Cracovia Krakow - Stadion Jozef Pilsudski|16|4
110749|249|19787|Stadion Zaglebia Lubin – Lubin – POL|POL - Zaglebie Lubin - Stadion Zglebia Lubin|4|2
110750|178|19086|Arena Francisc Neuman – Arad – ROM|ROM - Arena Fancisc Neuman - UTA Arad|6|2
110751|196|55299|Cluj Arena – Cluj-Napoca – ROM|ROM - Cluj Arena|8|2
110752|195|30493|Stadion Municipal – Boto?ani – ROM|ROM - FC Botosani - Stadion Municipal|10|4
110765|158|37473|Incheon Football Stadium – Incheon – KOR|KOR - Incheon Football Stadium|8|4
110770|178|19086|Stade de Tourbillon – Sion – SWI|SUI - Stade de Tourbillon|12|6
110776|179|24628|Gaziantep Stadyumu – Gaziantep – TUR|TUR - Gaziantep Stadyumu|6|2
110781|193|29756|Estadio Leon – Leon – MEX|MEX - Club Leon - Estadio Leon|16|8
110795|179|24628|_Stade Municipal|FRA - Stade de Reims - Stade Auguste Delaune|6|2
110799|179|24628|_Stade Municipal|ENG - Gander Green Lane - Sutton Utd|4|2
110815|175|13827|Stadionul Gheorghe Hagi – Constan?a – ROM|ROM - Farul - Stadion Gheorghe Hagi|18|8
110827|147|32228|Estadio Carlos Tartiere – Oviedo – SPA|SPA - Real Oviedo - Estadio Carlos Tartiere|12|2
110831|179|24628|_Stade Municipal|FRA - Stade de Reims - Stade Auguste Delaune|6|2
110832|60|19787|Estadio Nuevo Los Carmenes – Granada – SPA|SPA - Granada CF - Estadio Nuevo Los Carmenes|4|2
110839|179|24628|Estadio El Alcoraz – Huesca – SPA|SPA - Estadio El Alcoraz - Huesca|12|2
110849|179|24628|_Stade Municipal|FRA - Stade de Reims - Stade Auguste Delaune|3|2
110869|178|19086|Kolos Stadium – Kovalivka – UKR|UKR - Kolos stadium Kovalivka|16|4
110871|261|66081|Arena Lviv – Lviv – UKR|UKR - Arena Lviv Ukraine NT|16|4
110876|176|42987|Luhansk Stadium – Luhansk – UKR|UKR - Luhansk stadion|20|14
110890|179|24628|_Stade Municipal|ENG - Broadfield Stadium|2|2
110907|179|24628|_Stade Municipal|ITA - Stadio Citta di Arezzo|8|2
110908|179|24628|Stadio Nicola Ceravolo – Catanzaro – ITA|ITA - Stadio Nicola Ceravolo|10|2
110911|193|29756|_Stadio Classico|ITA - Pino Zaccheria - Foggia|2|1
110912|33|22685|Stadio Euganeo – Padova – ITA|ITA - Stadio Euganeo - Padova|2|2
110915|179|24628|Stadio Dino Manuzzi – Cesena – ITA|ITA - A.C. Cesena - Stadio Dino Manuzzi|4|2
110930|147|32228|Ellis Park Stadium – Joanesburgo – RSA|RSA - Orlando Pirates - Ellis Park|18|14
110935|249|19787|_Molton Road (Sheldon Stadium)|ENG - London Road Stadium - Peterborough|20|10
110955|197|55320|Hongkou Football Stadium - Shanghai - CHN|CHN - Hongkou Football Stadium|12|6
110975|505|38500|San Carlos de Apoquindo - Santiago - CHI|CHI - San Carlos Apoquindo - U.Catolica|18|12
110977|175|13827|Estadio Santa Laura - Santiago - CHI|CHI - Santa Laura - Union Espanola|12|6
110978|158|37473|Estadio El Cobre - Atacama - CHI|CHI - Estadio El Cobre|8|4
110979|175|13827|Estadio Zorros del Desierto - Antofagasta - CHI|CHI - Zorros del Desierto|12|4
110980|183|72039|Estadio Monumental David Arellano - Santiago - CHI|CHI - Estadio Monumental David Arellano-Colo-Colo|20|12
110997|175|13827|Timor Stadium – Dili – CST|CST - Timor Stadium|18|6
111022|244|25000|Julio Cesar Villagra - Cordoba - ARG|ARG - Julio Cesar Villagra - Belgrano|6|2
111041|193|29756|Estadio Alfredo Jaconi - Caxias do Sul - RS|BRA - Alfredo Jaconi - Juventude|11|3
111042|114|14450|Estadio da Serrinha - Goiania - GO|BRA - Serrinha|9|3
111043|175|13827|Estadio Moises Lucarelli - Campinas - SP|BRA - Moises Lucarelli|10|4
111044|89|40310|Estadio Couto Pereira - Curitiba - PR|BRA - Couto Pereira|10|7
111045|450|31098|Estadio Orlando Scarpelli - Florianopolis - SC|BRA - Orlando Scarpelli|9|5
111046|451|19900|Estadio Heriberto Hulse - Criciuma - SC|BRA - Heriberto Hulse - Criciuma|9|3
111048|195|30493|Estadio Durival de Britto - Curitiba - PR|BRA - Durival de Britto|6|2
111049|175|13827|Estadio Brinco de Ouro da Princesa - Campinas - SP|BRA - Brinco de Ouro - Guarani|9|3
111050|172|45010|Estadio dos Aflitos - Recife - PE|BRA - Estadio dos Aflitos|9|4
111052|26|63903|Estadio Castelao - Fortaleza - CE|BRA - Arena Castelao - Fortaleza LED|13|5
111054|97|22400|Arena Joinville - Joinville - SC|BRA - Arena joinville|6|2
111057|182|32983|Ilha do Retiro - Recife - PE|BRA - Ilha do Retiro|9|6
111058|127|60044|Estadio Jose do Rego Maciel (Arruda) - Recife - PE|BRA - Arruda - Santa Cruz|8|2
111059|26|63903|Estadio Castelao - Fortaleza - CE|BRA - Arena Castelao - Ceara LED|10|5
111065|179|24628|Rio Tinto Stadium – Sandy|USA - Rio Tinto Stadium|12|8
111072|158|37473|_Estadio de las Artes (Generic Stadium NG)||20|20
111082|178|19086|Stadion GOSIR - Gdynia - POL|POL - Arka Gdynia - Stadion GOSIR|6|2
111083|178|19086|Kolporter Arena – Kielce – POL|POL - Korona Kielce - Kolporter Arena|8|2
111086|249|19787|Stadion Miejski w Gliwicach – Gliwice – POL|ENG - London Road Stadium - Peterborough|8|2
111090|261|66081|Ahmad bin Ali Stadium – Al-Rayyan – QAT||8|10
111091|261|66081|Stadion Energa Gdansk – Gdansk – POL||4|2
111097|178|19086|Arena Lublin – Lublin – POL|POL - Arena Lublin|10|2
111099|158|37473|_Estadio de las Artes (Generic Stadium NG)||20|8
111108|197|55320|Estadio Nacional de Lima – Lima – PER|PER - Peru NT - Nacional de Lima|20|8
111109|197|55320|Estadio Metropolitano Roberto Melendez – Barranquilla – COL|COL - Metropolitano Roberto Melendez - Junior|20|12
111111|261|66081|Prince Moulay Abdellah Stadium – Rabat – MOR|MOR - Prince Moulay Abdellah - NT|20|6
111112|179|24628|Ivory Coast Stadium - Abidjan - CIV|CIV - Ivory Coast Stadium|20|12
111113|179|24628|Estadio Nacional Mateo Flores – Cidade da Guatemala – GUA|GUA - Mateo Flores|20|2
111114|345|84000|Prince Abdullah al-Faisal Stadium – Jida – SAU|SAU - Prince Abdullah al-Faisal|20|10
111115|193|29756|_Stadio Classico||20|6
111117|179|24628|Vefa Stadium – Istambul – TUR|TUR - Fatih Karagumruk Karagumruk VEFA Stadium|6|4
111128|178|19086|Slavutych Arena – Zaporizhzhia – UKR|UKR - Slavutych Arena|8|2
111130|197|55320|Estadio Internacional do Cairo – Cairo – EGY|EGY - Estadio Internacional do Cairo|20|10
111138|196|55299|Allianz Field – Saint Paul|USA - Allianz Field - Minnesota Utd|6|2
111139|249|19787|FedEx Field – Landover|USA - Fedex Field|8|8
111140|178|19086|Providence Park – Portland|USA - Providence Park - Portland|14|6
111144|341|39115|Lumen Field – Seattle|USA - Lumen Field - Seattle|12|8
111205|197|55320|_O Dromo||20|20
111235|249|19787|Voith-Arena – Heidenheim – GER|GER - Heidenheim- Voith-Arena|2|2
111239|178|19086|_Stadion Neder|GER - FC Ingolstadt 04 - Audi Sportpark|18|2
111273|179|24628|_Stade Municipal|FRA - Stade Bauer - Red Star FC|4|2
111276|179|24628|Stade Marcel-Tribut – Dunkerque – FRA|FRA - Stade Marcel-Tribut USL Duquerkee|14|2
111282|147|32228|_Stadion Europa||13|6
111292|98|21004|Estadio do Caninde - Sao Paulo - SP|BRA - Caninde|8|2
111293|195|30493|Estadio Bruno Jose Daniel - Santo Andre - SP|BRA - Bruno Jose Daniel|4|2
111299|175|13827|Municipal Engenheiro Luthero Lopes - Rondonopolis - MT|BRA - Estadio Municipal Engenheiro Luthero Lopes|3|1
111300|175|13827|Estadio Barretao - Ceara-Mirim - RN|BRA - Barrettao - Globo FC|5|0
111327|179|24628|Estadio Compania de Acero del Pacifico - Concepcion - CHI|CHI - Huachipato - Compania de Acero del Pacifico|8|6
111328|147|32228|Estadio Municipal de La Cisterna - Santiago - CHI|CHI - La Cisterna - Palestino|12|8
111339|193|29756|Kasimpasa Stadium - Istambul – TUR|TUR - Kasimpasa stadium|8|6
111353|196|55299|_Stadion Hanguk||10|10
111376|179|24628|Stade de la Liberation - Boulogne-sur-Mer - FRA|FRA - Stade de la Liberation - US Boulogne|4|2
111379|179|24628|_Stade Municipal|GER - Volksstadion Greifswald by Nisoley|5|1
111393|147|32228|Hindmarsh Stadium - Adelaide - AUT|AUS - Hindmarsh Stadium - Adelaide United|14|10
111400|196|55299|Melbourne Cricket Ground - Melbourne - AUT|AUS - Melbourne Cricket Ground|18|4
111433|193|29756|Stadio San Vito – Cosenza – ITA|ITA - Stadio San Vito|4|2
111434|193|29756|Stadio Giovanni Zini – Cremona – ITA|ITA - Giovanni Zini - Cremonese|16|2
111448|193|29756|_Stadio Classico|ALG - Stade 5 Juillet 1962|20|10
111451|510|40000|Esaadio Olimpico Patria - Sucre - BOL|BOL - Bolivia - Estadio Olimpico Patria|20|4
111455|193|29756|BMO Field – Toronto|CAN - BMO Field Stadium|20|4
111456|179|24628|_Stade Municipal|FRA - Stade de Reims - Stade Auguste Delaune|20|7
111459|508|47017|Estadio Nacional de Chile - Santiago - CHI|CHI - Estadio Nacional - Chile|20|12
111462|175|13827|Ohene Djan Stadium (Accra Sports Stadium) – Acra – GHA|GHA - Ohene Djan Stadium|20|10
111465|500|52267|Estadio Olimpico Atahualpa – Quito – ECU|ECU - Estadio Olimpico Atahualpa - Ecuador NT|20|10
111466|195|30493|Jawaharlal Nehru Stadium – Nova Delhi – IND|IND - Delhi Dynamos - Jawaharlal Nehru|20|2
111473|197|55320|Westpac Stadium (Sky Stadium) – Wellington – NEW|NEW - Wellington Phoenix & New Zealand - Westpac Stadium|20|4
111475|175|13827|Estadio Rommel Fernandez – Cidade do Panama – PAN|PAN - Rommel Fernandez|20|2
111481|175|13827|Independence Park (National Stadium) – Kingston – JAM|JAM - Independence Park|20|4
111484|351|43269|Hasely Crawford Stadium – Porto de Espanha – TRI|TRI - Hasely Crawford Stadium Trinidad|20|2
111485|179|24628|_Stade Municipal|FRA - Stade de Reims - Stade Auguste Delaune|8|2
111487|507|24900|Estadio Olimpico de la UCV - Caracas - VEN|VEN - Caracas FC - Estadio Olimpico de la UCV|20|8
111512|179|24628|_Stade Municipal|FRA - Stade de Reims - Stade Auguste Delaune|8|2
111513|179|24628|_Stade Municipal|JOR - Amman International Stadium|8|2
111527|175|13827|Khalifa International Stadium – Doha – QAT|QAT - Khalifa International Stadium|20|2
111539|179|24628|Estadio do FC Vizela – Vizela – POR|POR - Estadio do FC Vizela|4|2
111545|158|37473|Estadio 11 de Novembro - Angola|ANG - Estadio 11 de Novembro|20|2
111546|175|13827|Nicaragua National Stadium – Managua – NIC|NIC - Nicaragua Stadium|20|2
111548|175|13827|Estadio Olimpico Metropolitano – San Pedro Sula – HON|HON - Honduras NT & Marathon & Real Espana - Olimpico Metropolitano|20|6
111551|175|13827|_Arena del Centenario (Estadio del Pueblo)|BOL - Estadio IV Centenario|20|2
111556|175|13827|Estadio Nacional de Harare - Harare - ZMB|ZMB - Nacional de Harare|20|4
111575|147|32228|Saitama Stadium – Saitama – JPN|JAP - Urawa Reds Diamonds - Saitama Stadium 2002|18|10
111592|147|32228|_Stadion Europa||10|10
111596|147|32228|AT&T Stadium – Arlington|USA - AT&T Stadium|20|20
111651|195|30493|BMO Field – Toronto|CAN - BMO Field Stadium|12|6
111654|124|56713|Estadio Mazatlan (El Kraken) – Mazatlan – MEX|MEX - Mazatlan FC - Estadio Mazatlan (El Kraken)|4|2
111657|178|19086|Benito Stirpe - Frosinone – ITA|ITA - Frosinone Calcio - Stadio Matusa|8|2
111658|33|22685|Al Bayt Stadium – Al Khor – QAT||8|2
111659|249|19787|Stade Paul-Lignon – Rodez – FRA|FRA - Stade Paul-Lignon|6|2
111670|196|55299|Stadium 974 – Doha – QAT|QAT - Stadium 974|8|2
111674|179|24628|Al Shabab Club Stadium – Riade – SAU|SAU - Al Shabab Club Stadium|12|8
111678|249|19787|Estadio Caliente – Tijuana – MEX|MEX - Estadio Caliente|10|4
111701|175|13827|Estadio Arena Verde - Paragominas - PA|BRA - Arena Verde|2|1
111704|178|19086|Arena das Dunas - Natal - RN|BRA - Arena das Dunas|7|2
111705|33|22685|_Union Park (Euro Arena)||2|2
111706|38|30200|Feliciano Gambarte - Mendoza - ARG|ARG - Estadio Feliciano Gambarte|4|2
111707|179|24628|_Stade Municipal|ARG - Jose Maria Minella|9|4
111708|48|30000|Monumental Jose Fierro - Tucuman - ARG|ARG - Jose Fierro|8|4
111710|40|20000|Norberto Tomaghello - Florencio Varela - ARG|ARG - Norberto Tomaghello|12|10
111711|43|48314|Tomas Adolfo Duco - Parque Patricios - ARG|ARG - Tomas A Duco|6|4
111713|48|30000|Hilario Sanchez - San Juan - ARG|ARG - Hilario Sanchez|6|2
111715|44|26282|Jose Dellagiovanna - San Fernando - ARG|ARG - Monumental de Victoria|8|6
111716|45|30000|15 de Abril - Santa Fe - ARG|ARG - 15 de Abril|6|2
111717|175|13827|Islas Malvinas - Buenos Aires - ARG|ARG - Islas Malvinas - Allboys|5|1
111722|193|29756|Estadio Manuel Murillo Toro – Ibague – COL|COL - Murillo Toro - Tolima|12|8
111723|195|30493|Estadio Departamental Libertad – Pasto – COL|COL - Estadio Departamental Libertad|10|6
111724|196|55299|Shandong Provincial Stadium - Shandong - CHN|CHN - Shandong Provincial Sports Center Stadium|18|6
111727|175|13827|Estadio Modelao - Castanhal - PA|BRA - Modelao - Castanhal|2|1
111730|197|55320|Todoroki Athletics Stadium – Kawasaki – JPN|JAP - Estadio Todoroki Athletics|16|10
111733|179|24628|Lusail Stadium – Lusail – QAT|FRA - Stade de Reims - Stade Auguste Delaune|20|3
111736|196|55299|_Stadion Hanguk||8|2
111766|179|24628|Stadio Giuseppe Sinigaglia – Como – ITA|ITA - Stadio Giuseppe Sinigaglia|8|4
111768|158|37473|Workers Stadium - Beijing - CHN|CHN - Workers Stadium|16|8
111802|179|24628|_Stade Municipal|FRA - Stade de Reims - Stade Auguste Delaune|8|2
111811|179|24628|Stadio Brianteo (U-Power Stadium) – Monza – ITA|ITA - Stadio Brianteo - Monza|14|2
111812|179|24628|_Stade Municipal|CZE - Dolicek - Bohemians|6|2
111817|33|22685|Stade Sebastien-Charlety – Paris – FRA|FRA - Sebastien Charlety|10|2
111822|147|32228|Lavanttal-Arena - Wolfsberg - AUT|AUT - Lavanttal-Arena - Wolfsberger|12|8
111836|196|55299|King Saud Sport City – Al Bahah – SAU|SAU - King Saud Sport City - Al-Ain FC|14|10
111928|108|43963|Stanford Stadium – Stanford|USA - SJ Earthquakes - Stanford Stadium|8|4
111969|175|13827|Astana Arena – Astana (Nur-Sultan) – KAZ|KAZ - Astana Arena|8|14
111974|26|63903|MAPEI Stadium – Reggio Emilia – ITA|ITA - MAPEI Stadium - US Sassuolo|8|6
111976|101|19787|Estadio da Ressacada - Florianopolis - SC|BRA - Ressacada|9|4
111984|179|24628|_Stade Municipal|FRA - Stade de Reims - Stade Auguste Delaune|8|2
111993|179|24628|_Stade Municipal|ITA - Piercesare Tombolato - Cittadella|6|2
112001|34|23018|Arena Independencia - Horto||10|4
112019|179|24628|Estadio La Independencia – Tunja – COL|COL - La Independencia - Patriotas|4|2
112026|179|24628|_Stade Municipal|ITA - Stadio Ciro Vigorito - Benevento|16|2
112038|175|13827|Estadio Panamericano – Havana – CUB|CUB - Estadio Panamericano|20|1
112048|179|24628|Sylvio Cator Stadium – Porto Principe – HAI|HAI - Sylvio Cator Stadium|20|2
112054|179|24628|Estadio Ergilio Hato - Willemstad - CUW|CUW - Ergilio Hato Stadion|8|2
112072|175|13827|Strandvallen – Hallevik – SWE|SWE - Strandvallen - Mjallby AIF|4|2
112077|175|13827|Estadio Municipal Francisco Ribeiro Nogueira - Mogi das Cruzes - SP|BRA - Municipal Francisco Ribeiro Nogueira|2|0
112082|193|29756|_Stadio Classico||20|12
112092|158|37473|Toyota Stadium – Toyota – JPN|JAP - Toyota Stadium|10|6
112093|499|39694|Suita City Football Stadium – Osaka – JPN|JAP - Gamba Osaka - Suita City Football Stadium|16|10
112094|147|32228|Al-Gharafa Stadium – Al-Gharafa – QAT|QAT - Estadio Al-Gharafa|20|12
112096|179|24628|Prince Mohammad bin Fahd Stadium – Dammam – SAU|SAU - Prince Mohammad bin Fahd|12|8
112099|179|24628|Khalifa International Stadium – Doha – QAT|QAT - Khalifa International Stadium|16|4
112115|33|22685|Chuncheon Songam Stadium – Chuncheon – KOR|KOR - Chuncheon Songam Stadium|10|2
112116|249|19787|Estadio El Teniente - O'Higgins - CHI|ENG - London Road Stadium - Peterborough|16|6
112119|175|13827|Estadio Antonio Accioly - Goiania - GO|BRA - Estadio Antonio Accioly|10|3
112124|179|24628|Stadio Romeo Menti – Vicenza – ITA|ITA - Vicenza - Stadio Romeo Menti|4|2
112126|175|13827|_Arena del Centenario (Estadio del Pueblo)|BOL - Estadio IV Centenario|2|2
112134|193|29756|Subaru Park – Chester|USA - Subaru Park Philadelphia|14|6
112139|262|67000|Mrsool Park – Riade – SAU|SAU - Mrsool Park|18|14
112163|195|30493|Shenyang Olympic Stadium - Liaoning - CHN|CHN - Shenyang Olympic Sports Center Stadium|8|2
112168|33|22685|_Union Park (Euro Arena)|ITA - Stadium Gigi Marulla - Cosenza|4|2
112169|147|32228|Nya Studenternas – Uppsala – SWE||6|2
112172|133|42959|Red Bull Arena – Leipzig – GER|GER - RB Leipzig - Red Bull Arena Leipzig|16|14
112190|185|500|Estadio Tabajarao - Rede Globo - RJ|BRA - Tabajarao|1|1
112199|179|24628|_Stade Municipal|FRA - Stade de Reims - Stade Auguste Delaune|12|2
112208|147|32228|North Harbour Stadium – Auckland – NEW|NEW - Auckland Blues - North Harbour Stadium|20|6
112222|179|24628|_Stade Municipal|FRA - Stade de Reims - Stade Auguste Delaune|6|2
112224|179|24628|AAMI Park - Melbourne - AUT|AUS - Melbourne City FC - AAMI Park|16|4
112225|193|29756|_Stadio Classico||7|2
112234|179|24628|Khalifa International Stadium – Doha – QAT|QAT - Khalifa International Stadium|7|16
112236|179|24628|_Stade Municipal|CZE - Lokotrans Arena - Mlada Boleslav|16|4
112254|179|24628|_Stade Municipal|ENG - Rodney Parade - Newport County|2|2
112258|175|13827|Gwangju Stadium – Gwangju – KOR|KOR - Gwangju Stadium|6|2
112259|249|19787|_Molton Road (Sheldon Stadium)|ENG - Plough Lane|2|2
112260|179|24628|_Stade Municipal|ENG - Highbury Stadium - Fleetwood Town|10|2
112276|179|24628|_Stade Municipal|FRA - stade de la source Orleans|4|2
112345|178|19086|Yanmar Stadium Nagai – Osaka – JPN|JPN - Yanmar Stadium Nagai|14|10
112376|179|24628|_Stade Municipal|FRA - Stade de Reims - Stade Auguste Delaune|6|2
112385|176|42987|Stadion Ukraina – Lviv – UKR|UKR - Stadion Ukraina|12|2
112387|345|84000|King Abdullah Sports City|SAU - King Abdullah Sports City|16|10
112390|175|13827|Prince Abdullah bin Jalawi - Al Ahsa - SAU|SAU - Prince Abdullah bin Jalawi|12|8
112391|179|24628|_Stade Municipal|FRA - Stade de Reims - Stade Auguste Delaune|14|8
112393|345|84000|King Abdullah Sports City|SAU - King Abdullah Sports City|12|10
112398|33|22685|_Union Park (Euro Arena)|ITA - Silvio Piola - Pro Vercelli|4|1
112408|175|13827|Estadio Municipal Gerson Amaral - Coruripe - AL|BRA - Municipal gerson amaral|4|1
112409|179|24628|_Stade Municipal|ITA - Stadio Sandro Cabassi - Carpi|5|1
112410|179|24628|_Stade Municipal|ITA - Trapani - Stadio Polisportivo|2|1
112427|147|32228|Estadio Nogueirao - Mossoro - RN|BRA - Nogueirao|4|1
112476|90|22830|Arena Conda - Chapeco - SC|BRA - Arena Conda|10|12
112493|179|24628|Stadio dei Marmi – Carrara – ITA|ITA - Stadio dei Marmi - Carrarese|4|2
112494|179|24628|Stadio Druso – Bolzano – ITA|ITA - Stadio Druso|8|2
112510|34|23018|- Stadion Bruk-Bet - Nieciecza - POL|POL - Bruk-Bet Termalica Nieciecza KS - Stadion Bruk-Bet|4|2
112513|179|24628|Estadio Municipal de Arouca – Arouca – POR|POR - Estadio Municipal de Arouca|6|2
112516|179|24628|Estadio Joao Cardoso – Tondela – POR|POR - Estadio Joao Cardoso - CD Tondela|4|2
112523|195|30493|Estadio Metropolitano de Techo – Bogota – COL|COL - Estadio Metropolitano de Techo|8|4
112526|158|37473|Estadio Polideportivo Sur – Envigado – COL|COL - Polideportivo Sur Envigado|6|2
112527|195|30493|Estadio La Independencia – Tunja – COL|COL - La Independencia - Patriotas|8|4
112528|158|37473|Estadio Daniel Villa Zapata – Barrancabermeja – COL|COL - Alianza Petrolera - Daniel Villa Zapata|14|4
112531|179|24628|Estadio Tierra de Campeones - Tarapaca - CHI|CHI - Tierra dos Campeones - Deportes Iquique|8|4
112552|179|24628|_Stade Municipal|FRA - Stade Robert Diochon|4|2
112578|179|24628|Estadio Alberto Grisales – Rionegro – COL|COL - Alberto Grisales - Rionegro|10|2
112579|195|30493|Estadio Hernan Ramirez Villegas – Pereira – COL|COL - Deportivo Pereira - Estadio Hernan Ramirez Villegas|8|2
112584|509|23423|Estadio Sausalito - Vina del Mar - CHI|CHI - CD Everton & Chile - Estadio Sausalito|8|4
112606|94|39694|Orlando City Stadium – Orlando|USA - Orlando City - Orlando City Stadium|12|10
112631|196|55299|_Stadion Hanguk||8|2
112638|176|42987|Chang Arena – Buriram – THA|THA - Buriram United - Chang Arena|10|14
112639|197|55320|_O Dromo||6|14
112649|179|24628|_Stade Municipal|FRA - Stade de Reims - Stade Auguste Delaune|6|2
112652|158|37473|Estadio Jose Encarnacion Romero - Zulia - VEN|VEN - Estadio Jose Encarnacion Romero - Rayo|16|4
112665|179|24628|_Stade Municipal|FRA - Stade de Reims - Stade Auguste Delaune|8|2
112668|179|24628|Estadio Municipal Nicolas Chahuan Nazar - Valparaiso - CHI|CHI - Estadio Nicolas Chahuan Nazar - Union La Calera|6|2
112670|47|22000|Mario Alberto Kempes - Cordoba - ARG|ARG - Mario A. Kempes|12|6
112705|193|29756|Municipal Nelson Oyarzun Arenas - Nuble - CHI|CHI - Bicentenario Municipal Nelson Oyarzun|12|2
112709|178|19086|Estadio Municipal Francisco Sanchez Rumoroso - Coquimbo - CHI|CHI - Coquimbo Unido - Francisco Sanchez Rumoroso|4|6
112713|23|20461|Eva Peron - Junin - ARG|ARG - Sarmiento de Junin|2|2
112764|179|24628|_Stade Municipal|FRA - Stade de Reims - Stade Auguste Delaune|6|2
112828|109|39694|MetLife Stadium – East Rutherford|USA - Metlife Stadium|16|10
112834|195|30493|Estadio Metropolitano de Techo – Bogota – COL|COL - Estadio Metropolitano de Techo|4|2
112866|196|55299|_Stadion Hanguk||2|10
112880|179|24628|_Stade Municipal|FRA - Stade de Reims - Stade Auguste Delaune|6|2
112883|249|19787|Prince Saud bin Jalawi Stadium – Al-Khobar – SAU|SAU - Prince Saud bin Jalawi|8|6
112885|196|55299|Mercedes-Benz Stadium – Atlanta|USA - Mercedes-Benz Stadium - Atlanta|14|8
112893|33|22685|Chase Stadium – Fort Lauderdale|USA - Chase Stadium - Inter Miami|16|8
112903|179|24628|Estadio Jaraguay de Monteria (Monumental de Monteria) – Monteria – COL|COL - Monumental De Monteria - Jaguares|8|6
112904|175|13827|_Arena del Centenario (Estadio del Pueblo)|ARG - Alfredo Beranger - Temperley|5|2
112925|175|13827|_Arena del Centenario (Estadio del Pueblo)|ARG - Republica de Matadero|6|2
112954|179|24628|Stadio Romeo Menti – Vicenza – ITA|ITA - Vicenza - Stadio Romeo Menti|5|1
112979|175|13827|Xinjiang Sports Center Stadium - Xinjiang - CHN|CHN - Xinjiang Sports Center Stadium|4|2
112990|197|55320|PCA Stadium – Mohali – IND|IND - PCA Stadium|12|2
112992|179|24628|Estadio Alfonso Lopez – Bucaramanga – COL|COL - Bucaramanga - Estadio Alfonso Lopez|4|2
112996|158|37473|Los Angeles Memorial Coliseum – Los Angeles|USA - Los Angeles Memorial Coliseum|16|10
113007|175|13827|Estadio Antonio David Farina - Veranopolis - RS|BRA - Estadio Antonio David Farina|2|0
113011|175|13827|Estadio Municipal Moura Filho - Alagoinha - PB|BRA - Estadio municipal moura filho|2|0
113013|193|29756|Estadio Municipal Eluzardo Caetano da Silva - Tramandai - RS|BRA - Estadio Municipal Eluzardo Caetano da Silva|1|0
113015|178|19086|Arena das Dunas - Natal - RN|BRA - Arena das Dunas|3|1
113016|175|13827|Estadio do Trabalhador - Resende - RJ|BRA - Estadio do Trabalhador|1|1
113018|175|13827|Municipal Engenheiro Luthero Lopes - Rondonopolis - MT|BRA - Estadio Municipal Engenheiro Luthero Lopes|1|0
113022|175|13827|Estadio Moca Bonita - Bangu - RJ|BRA - Moca Bonita - Bangu|6|5
113028|175|13827|Estadio Kleber Andrade - Cariacica - ES|BRA - Kleber Andrade|5|1
113037|179|24628|_Stade Municipal|FRA - Stade de Reims - Stade Auguste Delaune|6|4
113055|175|13827|Rua Bariri - Rio de Janeiro - RJ|BRA - Rua Bariri|3|1
113057|179|24628|Estadio Angelo de Carvalho - Campos - RJ|BRA - Estadio Angelo de Carvalho - Campos|10|6
113060|149|47605|Arena Corinthians - Itaquera||4|4
113067|158|37473|Estadio Inca Garcilaso de la Vega – Cusco – PER|PER - Inca Garcilaso de la Vega - Real Garcilaso|12|8
113080|175|13827|Estadio Mirandao - Crato - CE|BRA - Mirandao|2|1
113101|175|13827|Arena Fonte Luminosa - Araraquara - SP|BRA - Fonte Luminosa - Ferroviaria|6|2
113102|175|13827|Estadio Francisco de Palma Travassos - Ribeirao Preto - SP|BRA - Estadio Francisco de Palma Travassos|3|0
113103|179|24628|Estadio Anisio Haddad - Sao Jose do Rio Preto - SP|BRA - Anisio Haddad - Riopreto|2|0
113104|175|13827|Estadio Etelvino Mendonca - Itabaiana - SE|BRA - Estadio Etelvino mendoca|4|2
113105|175|13827|Estadio Novelli Junior - Itu - SP|BRA - Novelli Junior - Ituano|8|3
113107|175|13827|Estadio Augusto Schmidt Filho - Rio Claro - SP|BRA - Augusto Schmidt Filho|3|0
113111|175|13827|Estadio Pedro Alves do Nascimento - Patrocinio - MG|BRA - Estadio pedro alves|1|0
113113|175|13827|Estadio Zama Maciel - Patos de Minas - MG|BRA - Estadio Zama Maciel|2|0
113115|175|13827|Estadio Municipal Ubirajara Medeiros - Cornelio Procopio - PR|BRA - Estadio Ubirajara Medeiros|1|0
113116|179|24628|Estadio Germano Kruger - Ponta Grossa - PR|BRA - Germano Kruger - Operario-PR|6|1
113117|178|19086|Estadio Newton Agibert - Prudentopolis - PR|BRA - Estadio Newton Agibert|1|0
113119|178|19086|Estadio Os Pioneiros - Pato Branco - PR|BRA - Estadio os Pioneiros|1|0
113120|175|13827|Estadio Joao Marcatto - Jaragua do Sul - SC|BRA - Estadio Joao Marcatto|2|0
113121|175|13827|Estadio Augusto Bauer - Brusque -SC|BRA - Augusto Bauer|5|2
113124|175|13827|Estadio Zequinha Roriz - Luziania - DF|BRA - Serra do Lago|2|1
113125|175|13827|Municipal Orlando Gomes de Barros - Uniao dos Palmares - AL|BRA - Municipal Orlando Gomes de Barros|3|1
113127|175|13827|Engenheiro Araripe - Desportiva - Cariacica - ES|BRA - Engenheiro Araripe - Desportiva|2|1
113130|175|13827|Estadio Baetao - Sao Bernardo do Campo - SP|BRA - Baetao - ECSBC|2|0
113132|195|30493|Estadio Albertao - Teresina - PI|BRA - Albertao|5|2
113133|175|13827|Estadio Justiniano de Mello e Silva - Colatina - ES|BRA - Estadio Municipal Justiniano de Mello e Silva|1|0
113134|175|13827|Estadio Zenor Pedrosa Rocha - Nova Venecia - ES|BRA -Zenor Pedrosa Rocha|1|0
113135|175|13827|Estadio RazaoInfo Vermelhao da Serra - Passo Fundo - RS|BRA - Estadio Vermelhao da Serra|2|0
113136|22|22000|Arena do Jacare - Sete Lagoas - MG|BRA - Arena do Jacare|1|0
113139|175|13827|Estadio Municipal Dito Souza - Varzea Grande - MT|BRA - Estadio Dito Souza|4|0
113142|178|19086|Alanya Stadium – Alanya – TUR|TUR - Alanyaspor - Alanya Stadium|4|2
113145|175|13827|Estadio Caio Martins - Niteroi - RJ|OLD - BRA - Caio martins|1|0
113146|179|24628|Estadio do Vale - Novo Hamburgo - RS|BRA - Estadio do Vale|6|1
113147|179|24628|Stadio Comunale Chiavari – Chiavari – ITA|ITA - Stadio Comunale Chiavari - Virtus Entella|2|2
113149|175|13827|Estadio Morenao - Campo Grande - MS|BRA - Morenao|4|0
113150|175|13827|Estadio do Junco - Sobral - CE|BRA - Estadio do Junco|2|0
113152|175|13827|Estadio Joao Ribeiro - Tocantinopolis - TO|BRA - Estadio Ribeirao|4|1
113154|175|13827|Estadio Frei Epifanio D'Abadia - Imperatriz - MA|BRA - Estadio Frei Epifanio|1|0
113157|147|32228|Edion Stadium Hiroshima – Hiroshima – JPN|JAP - Edion Stadium Hiroshima|14|10
113160|147|32228|Ekimae Real Estate Stadium – Tosu – JPN|JAP - Ekimae Real Estate Stadium|4|2
113161|147|32228|Lemon Gas Stadium Hiratsuka – Hiratsuka – JPN|JAP - Lemon Gas Stadium Hiratsuka|4|4
113162|158|37473|Sanga Stadium by Kyocera – Kameoka – JPN|JPN - Sanga Stadium by Kyocera|14|4
113163|175|13827|Estadio Jose Maria de Campos Maia - Mirassol - SP|BRA - Jose Maria de Campos|8|3
113165|175|13827|Estadio Navegantao - Tucurui - PA|BRA - Navegantao - PA|3|1
113167|179|24628|Estadio Walter Ribeiro - Sorocaba - SP|BRA - Estadio Walter Ribeiro|6|0
113169|175|13827|Estadio Doutor Oswaldo Scatena - Batatais - SP|BRA - Dr. Oswaldo Scatena|2|0
113172|175|13827|Arena Capivari - Capivari - SP|BRA - Arena Capivari|2|0
113186|195|30493|Sapporo Dome – Sapporo – JPN|JAP - Sapporo Dome|8|2
113197|196|55299|NHK Spring Mitsuzawa Football Stadium – Yokohama – JPN|JAP - Yokohama FC - NHK Spring Mitsuzawa Football Stadium|4|2
113217|179|24628|Prince Sultan bin Abdul Aziz Stadium – Abha – SAU|SAU - Prince Sultan bin Abdul Aziz|8|4
113222|179|24628|_Stade Municipal|FRA - Stade de Reims - Stade Auguste Delaune|2|2
113356|179|24628|_Stade Municipal|FRA - Stade de Reims - Stade Auguste Delaune|2|2
113378|175|13827|Sepsi OSK Stadium – Sfantu Gheorghe – ROM|ROM - Sepsi OSK Stadium - Sepsi OSK|14|6
113459|179|24628|_Stade Municipal|FRA - Stade de Reims - Stade Auguste Delaune|10|2
113599|179|24628|_Stade Municipal|FRA - Stade de Reims - Stade Auguste Delaune|6|2
113616|179|24628|_Stade Municipal|FRA - Stade de Reims - Stade Auguste Delaune|6|2
113742|179|24628|_Stade Municipal|FRA - Stade de Reims - Stade Auguste Delaune|2|2
113743|179|24628|Varberg Energi Arena – Varberg – SWE|FRA - Stade de Reims - Stade Auguste Delaune|2|2
113746|175|13827|Estadio Bellavista – Ambato – ECU|ECU - Macara - Estadio Bellavista|12|4
113890|249|19787|_Molton Road (Sheldon Stadium)|ENG - London Road Stadium - Peterborough|15|8
113892|179|24628|_Stade Municipal|FRA - Stade de Reims - Stade Auguste Delaune|2|2
113926|179|24628|_Stade Municipal|ENG - Moor Lane - Salford City|18|2
113981|179|24628|_Stade Municipal|FRA - Stade de Reims - Stade Auguste Delaune|4|2
114147|33|22685|Stadionul Giule?ti (Rapid Arena) – Bucareste – ROM|ROM - Rapid - Stadion Giulesti|14|6
114161|147|32228|Q2 Stadium – Austin|USA - Austin FC - Q2 Stadium|8|2
114162|193|29756|_Stadio Classico|USA - Geodis Park - Nashville|12|4
114185|197|55320|_O Dromo||20|10
114326|175|13827|Rakow Czestochowa Stadion – Czestochowa – POL|POL - Rakow Czestachowa|18|6
114385|196|55299|Stadionul Constantin Radulescu – Cluj-Napoca – ROM|ROM - FC CLUJ - Constantin Radulescu|20|8
114554|179|24628|Estadi Nacional d’Andorra – Andorra la Vella – AND|SPA - Estadio Nacional de Andorra|2|2
114598|261|66081|Estadio Miguel Grau – Piura – PER|PER - Miguel Grau - Atletico Grau|4|2
114628|195|30493|Huangpu Sports Stadium - Guangzhou - CHN|CHN - Huangpu Stadium|8|2
114640|147|32228|Bank of America Stadium – Charlotte|USA - Bank of America Stadium|4|2
114694|175|13827|Estadio 9 de Mayo – Machala – ECU|ECU - 9 de maio - Orense FC|12|2
114695|193|29756|_Stadio Classico||20|20
115494|179|24628|Parc des Sports – Annecy – FRA|FRA - Parc des Sports dAnecy|12|2
115505|261|66081|Arena Lviv – Lviv – UKR|UKR - Arena Lviv Ukraine NT|16|4
115693|196|55299|Estadio Olimpico de la UCV - Caracas - VEN|VEN - Caracas FC - Estadio Olimpico de la UCV|16|4
115892|179|24628|_Stade Municipal|FRA - Stade de Reims - Stade Auguste Delaune|4|2
116263|196|55299|Estadio Union Tarma – Tarma – PER|PER - Estadio Union Tarma|10|4
116275|175|13827|_Arena del Centenario (Estadio del Pueblo)|BOL - Estadio IV Centenario|8|2
116293|147|32228|Estadio Olimpico Atahualpa – Quito – ECU|ECU - Estadio Olimpico Atahualpa - Ecuador NT|12|4
116295|175|13827|Estadio Martin Torres – Assuncion – PAR|PAR - Martin Torres - Sportivo Trinedense|4|2
116360|33|22685|Haixia Olympic Center - Cangshan - CHN|CHN - Fuzhou Haixia Olympic Sports Center Stadium|12|4
116361|33|22685|Wuhan Five Rings Sports Center - Hubei - CHN|CHN - Wuhan Five Rings Sports Center Stadium|6|2
120000|175|13827|Estadio Colosso do Tapajos - Santarem - PA|BRA - Colosso do Tapajos|1|0
120001|175|13827|Estadio Jose Liberatti - Osasco - SP|BRA - Jose liberatti - Osasco Audax|5|0
120002|19|18024|Estadio Curuzu - Belem - PA|BRA - Curuzu|10|5
120003|179|24628|Estadio Centenario - Caxias do Sul - RS|BRA - Centenario - Caxias|5|2
120004|195|30493|_Estadio El Medio|BRA - Almeidao - PB|6|2
120005|193|29756|Estadio Rei Pele - Maceio - AL|BRA - Rei Pele - CRB|7|2
120006|12|42968|Arena Pantanal - Cuiaba - MT|BRA - Arena Pantanal - Cuiaba|8|3
120007|178|19086|Estadio Leonidas da Silva - Rio de Janeiro - RJ|BRA - Estadio Leonidas da Silva - Bonsucesso|1|0
120008|175|13827|Estadio Cornelio de Barros - Salgueiro - PE|BRA - Cornelio de Barros - Salgueiro|2|0
120009|147|32228|Estadio Passo das Emas - Lucas do Rio Verde - MT|BRA - Passo das Emas|2|0
120010|175|13827|Estadio Claudio Moacyr de Azevedo - Macae - RJ|BRA - Moacyrzao|3|1
120011|175|13827|Estadio Conselheiro Galvao - Rio de Janeiro - RJ|BRA - Conselhiero Galvao - Madureira|5|2
120012|175|13827|Estadio Vail Chaves - Mogi Mirim - SP|BRA - Vail chaves|6|0
120013|179|24628|Estadio Castelao - Sao Luis - MA|BRA - Castelao - Sampaio Correia|8|2
120015|175|13827|Estadio Marizao - Sousa - PB|BRA - Marizao|4|0
120016|197|55320|Estadio OBA - Goiania - GO|BRA - Estadio OBA|7|2
120017|195|30493|Estadio Coaracy da Mata - Arapiraca - AL|BRA - Coaracy da Mata - ASA|7|3
120018|99|19900|Estadio Prefeito Dilzon Melo - Varginha - MG|BRA - Estadio do Melao|4|0
120019|158|37473|Estadio Mario Heleno - Juiz de Fora - MG|BRA - Mario Helenio|3|0
120020|175|13827|Estadio Barao de Serra Negra - Piracicaba - SP|BRA - Barao de Serra Negra|5|1
120021|193|29756|Estadio Luis Troccoli – Montevideu (Cerro) – URU|URU - Luis Troccoli - Cerro|9|3
120022|193|29756|Estadio Osvaldo Roberto – Montevideu – URU|URU - Estadio Osvaldo Roberto|8|2
120023|179|24628|Jardines del Hipodromo – Montevideu – URU|URU - Jardines Hipodromo - Danubio|16|8
120025|195|30493|Parque Capurro – Montevideu – URU|URU - Fenix - Parque Capurro|12|6
120026|195|30493|Estadio Olimpico – Montevideu – URU|URU - Estadio Olimpico Montevideo|8|3
120027|195|30493|Estadio Belvedere – Montevideu – URU|URU - Belvedere - Liverpool|12|6
120029|364|30200|Estadio Gran Parque Central – Montevideu – URU|URU - Club Nacional de Football - Estadio Gran Parque Central|20|16
120030|193|29756|Estadio Campeon del Siglo – Montevideu – URU|URU - Campeon del siglo|20|15
120031|175|13827|Estadio Domingo Burgueno Miguel – Maldonado – URU|URU - Estadio Domingo Burgueno|10|6
120032|193|29756|Estadio Antonio Eleuterio Ubilla – Melo – URU|URU - Cerro Largo - Antonio Eleuterio Ubilla|4|1
120033|158|37473|Parque Federico Omar Saroldi – Montevideu – URU|URU - River Plate - Parque Federico Omar Saroldi|12|6
120034|175|13827|Estadio Abraham Paladino – Montevideu – URU|URU - Progreso - Abraham Paladino|6|1
120035|175|13827|Parque Alfredo Viera – Montevideu – URU|URU - Montevideo Wanderers - Parque Alfredo Viera|14|9
120036|195|30493|Estadio Luis Franzini – Montevideu – URU||16|6
120037|195|30493|Estadio Nicolas Leon – Assuncion – PAR|PAR - Nicolaz Leon - Libertad|18|14
120038|178|19086|Estadio Toribio Vargas – Assuncion – PAR|PAR - Toribio Vargas|8|2
120039|195|30493|Estadio Rogelio Silvino Livieres – Assuncion – PAR|PAR - Estadio Rogelio Silvino Livieres|14|8
120040|496|42354|Estadio Arsenio Erico – Assuncion – PAR|PAR - Nacional - Arsenio Erico|10|10
120041|195|30493|Estadio General Pablo Rojas (La Nueva Olla) – Assuncion – PAR|PAR - Nuevo Olla - Cerro Porteno|18|14
120042|179|24628|Estadio Jesus Bermudez - Oruro - BOL|BOL - Estadio Jesus Bermudez - Oruro|14|4
120043|193|29756|Estadio Manuel Ferreira – Assuncion – PAR|PAR - Manuel Ferreira - Olimpia|20|14
120045|158|37473|Estadio Feliciano Caceres – Luque – PAR|PAR - Feliciano Caceres - Sportivo Luqueno|4|3
120046|195|30493|Estadio Leandro Ovelar – Horqueta – PAR|PAR - Leandro Ovelar - GC|6|2
120047|147|32228|Esaadio Olimpico Patria - Sucre - BOL|BOL - Bolivia - Estadio Olimpico Patria|6|2
120048|195|30493|Estadio Martin Torres – Assuncion – PAR|PAR - Martin Torres - Sportivo Trinedense|8|3
120049|193|29756|Estadio Alejandro Villanueva – Lima – PER|PER - Alejandro Villanueva - Alianza Lima|20|12
120052|179|24628|Estadio Miguel Grau – Piura – PER|PER - Miguel Grau - Atletico Grau|6|2
120053|175|13827|Estadio Mansiche – Trujillo – PER|PER - Carlos Mannucci - Estadio Mansiche|8|2
120054|195|30493|Estadio Heraclio Tapia Leon – Huanuco – PER|PER - Heraclio Tapia Leon|10|2
120055|193|29756|Estadio Monumental UNSA – Arequipa – PER|PER - Estadio Monumental UNSA - Melgar|14|4
120057|158|37473|Estadio Inca Garcilaso de la Vega – Cusco – PER|PER - Inca Garcilaso de la Vega - Real Garcilaso|8|2
120058|193|29756|Estadio Huancayo – Huancayo – PER|PER - Estadio Huancayo - Sport Huancayo|6|4
120059|83|15000|Estadio Alberto Gallardo – Lima – PER|PER - Sporting Cristal - Estadio Alberto Gallardo|18|10
120060|195|30493|Estadio Mansiche – Trujillo – PER|PER - UCV - Estadio Mansiche|10|4
120062|158|37473|Estadio Monumental de la “U” – Lima – PER|PER - Monumental de Peru - Universitario|18|8
120064|175|13827|Estadio Heroes de San Ramon – Cajamarca – PER|PER - Heroes Stadium San Ramon|4|2
120065|500|52267|Estadio Monumental Isidro Romero Carbo – Guayaquil – ECU|ECU - Barcelona SC - Estadio Monumental Isidro Romero Carbo|20|14
120066|249|19787|Estadio Alejandro Serrano Aguilar – Cuenca – ECU|ECU - Alejandro Aguilar - Deportivo Cuenca|12|4
120067|195|30493|Estadio Mushuc Runa – Ambato – ECU|ECU - Estadio Mushuc Runa|8|3
120068|195|30493|Estadio Jocay – Manta – ECU|ECU - Estadio Jocay - Delfin|14|4
120069|193|29756|Estadio Olimpico Atahualpa – Quito – ECU|ECU - Estadio Olimpico Atahualpa - Ecuador NT|14|6
120070|506|43000|Estadio George Capwell – Guayaquil – ECU|ECU - Club Sport Emelec - Estadio George Capwell|18|10
120071|193|29756|Estadio Ruminahui – Sangolqui – ECU|ECU - Independiente del Valle - Estadio Ruminahui|18|14
120073|102|19787|Estadio Rodrigo Paz Delgado "La Casa Blanca" – Quito – ECU|ECU - LDU Quito - La Casa Blanca|16|12
120075|175|13827|Estadio Gonzalo Pozo Ripalda – Quito – ECU|ECU - Estadio Gonzalo Pozo Ripalda|12|4
120076|147|32228|Estadio Olimpico Atahualpa – Quito – ECU|ECU - Estadio Olimpico Atahualpa - Ecuador NT|12|2
120079|158|37473|Hernando Siles - La Paz - BOL|BOL - Hernando Siles - Bolivar|20|10
120082|195|30493|Ramon Tahuichi Aguilera - Santa Cruz de la Sierra - BOL|BOL - Tahuichi Aguilera Oriente Petrolero|18|10
120084|175|13827|Estadio IV Centenario - Tarija - BOL|BOL - Estadio IV Centenario|6|4
120086|158|37473|Hernando Siles - La Paz - BOL|BOL - Hernando Siles - The Strongest|18|8
120087|510|40000|Estadio Felix Capriles - Cochabamba - BOL|BOL - Wilstermann & Club Aurora - Estadio Felix Capriles|16|6
120090|195|30493|Estadio General Jose Antonio Paez - Portuguesa - VEN|VEN - Estadio Jose Antonio Paez|8|2
120092|195|30493|Estadio Misael Delgado - Carabobo - VEN|VEN - Estadio Misael Delgado - Carabobo|16|4
120093|507|24900|Estadio Olimpico de la UCV - Caracas - VEN|VEN - Caracas FC - Estadio Olimpico de la UCV|20|10
120094|175|13827|Estadio Brigido Iriarte - Distrito Capital - VEN|VEN - Estadio Brigido Iriarte|14|4
120095|249|19787|Estadio Olimpico de la UCV - Caracas - VEN|VEN - Caracas FC - Estadio Olimpico de la UCV|3|0
120098|158|37473|Polideportivo de Pueblo Nuevo - Tachira - VEN|VEN - Polideportivo De Pueblo Nuevo - DepTachira|20|12
120099|195|30493|Estadio Olimpico Metropolitano de Merida - Merida VEN|VEN - Estadio Metropolitano de Merida - Estudiantes|8|4
120102|193|29756|Estadio Agustin Tovar - Barinas - VEN|VEN - Estadio Agustin Tovar - Zamora|8|1
120103|197|55320|Estadio Monumental De Maturin - Maturin - VEN|VEN - Estadio Monumental de Maturin - Monagas|8|2
120104|193|29756|Estadio Agustin Tovar - Barinas - VEN|VEN - Estadio Agustin Tovar - Zamora|12|4
120107|195|30493|_Estadio El Medio|ARG - Tres de Febrero - Almagro|9|0
120110|175|13827|Claudio Chiqui Tapia - Barracas - ARG|ARG - Barracas Central - Claudio Chiqui Tapia|2|2
120111|179|24628|Alfredo Terrera - Santiago del Estero - ARG|ARG - Estadio Unico - Central Cordoba|2|2
120112|193|29756|_Stadio Classico|ARG - Chacarita Juniors|12|0
120114|179|24628|Omar Higinio Sperdutti - Mendoza - ARG|ARG - Estadio Omar Higinio Sperdutti|3|2
120115|193|29756|Estadio Olimpico Pascual Guerrero – Cali – COL|COL - Estadio Pascual Guerrero - America de Cali|14|10
120117|158|37473|_Estadio de las Artes (Generic Stadium NG)|ARG - Atletico Estudeantes - Cidade de Caseros|5|2
120124|175|13827|Coliseo de Victoria - Florida - ARG|ARG - Atletico Platense - Estadio Ciudad de Vicente Lopez|2|2
120127|158|37473|_Estadio de las Artes (Generic Stadium NG)|ARG - La Ciudadela Tucuman|3|1
120129|175|13827|_Arena del Centenario (Estadio del Pueblo)|ARG - Tristan Suarez - Vinte De Octubre|4|1
120130|175|13827|_Arena del Centenario (Estadio del Pueblo)|ARG - Estadio El Coliseo de Mitre y Puccini - Vila Dalmine|3|2
120132|195|30493|Estadio Juan Maldonado Gamarra – Cutervo – PER|PER - Estadio Juan Maldonado Gamarra|3|1
120135|196|55299|_Stadion Hanguk|ARG - Colegiales - Libertarios Unidos|4|0
120136|179|24628|Guillermo Laza - Villa Soldati - ARG|ARG - Desportivo Riestra - Guillermo Laza|6|2
120140|175|13827|_Arena del Centenario (Estadio del Pueblo)|ARG - Deportivo Moron - Francisco Urbano|6|1
120149|195|30493|_Estadio El Medio|ARG - GyE Mendoza - Victor Legrotaglie|4|2
120409|178|19086|Estadio Janio Moraes - Nova Iguacu - RJ|BRA - Laranjao|5|1
120410|175|13827|Estadio Amigao - Campina Grande - PB|BRA - Amigao - Campinense|4|0
120414|175|13827|Estadio Domingos Machado De Lima - Concordia - SC|BRA - Estadio Domingos Machado De Lima|3|1
120415|193|29756|Estadio Rei Pele - Maceio - AL|BRA - Rei Pele - CSA|7|2
120424|175|13827|Estadio Roberto Siqueira Costa - Serra - ES|BRA - Estadio Municipal Roberto Siqueira Costa|3|0
120425|175|13827|Estadio Presidente Vargas - Santa Maria - RS|BRA - Estadio Presidente Vargas RS|2|0
120426|175|13827|Estadio Municipal Jose Rocha - Jacobina - BA|BRA - Jose Rocha|4|1
120428|175|13827|Estadio JK - Itumbiara - GO|BRA - Estadio JK|2|0
120429|193|29756|Estadio Bento de Freitas - Pelotas - RS|BRA - Bento Freitas - Brasil de Pelotas|5|2
120432|175|13827|Estadio Manduzao - Pouso Alegre - MG|BRA - Manduzao - Pouso Alegre FC|4|1
120433|193|29756|Estadio Raulino de Oliveira - Volta Redonda - RJ|BRA - Raulino de Oliveira - Volta Redonda|6|1
120435|197|55320|Municipal Annibal Batista de Toledo - Aparecida de Goias - GO|BRA - Estadio Annibal Batista de Toledo|6|3
120438|175|13827|Estadio Zerao - Macapa - AP|BRA - Zerao|4|1
120439|175|13827|Estadio Olimpico Goiania - Goiania - GO|BRA - Estadio Olimpico Goiania|2|1
120440|175|13827|Estadio Zico Brandao - Inhumas - GO|BRA - Estadio Zico brandao|1|1
120441|175|13827|Estadio Alair Correa - Cabo Frio - RJ|BRA - Alair Correa|2|1
120444|158|37473|Municipal Prefeito Almir Dutra - Maracana - CE|BRA - Estadio almir dutra|4|1
121173|195|30493|Qinhuangdao Olympic Sports Center Stadium - Hebei - CHN|CHN - Qinhuangdao Olympic Sports Centre Stadium|2|2
121174|179|24628|_Stade Municipal|FRA - Stade de Reims - Stade Auguste Delaune|4|2
121439|178|19086|_Stadion Neder|USA - Snapdragon Stadium - SanDiego|8|2
121491|179|24628|_Stade Municipal|FRA - Stade de Reims - Stade Auguste Delaune|4|2
121735|179|24628|_Stade Municipal|FRA - Stade de Reims - Stade Auguste Delaune|2|2
121798|179|24628|_Stade Municipal|FRA - Stade de Reims - Stade Auguste Delaune|6|6
122231|178|19086|_Stadion Neder||8|6
123917|175|13827|Estadio Eduardo Guinle - Nova Friburgo - RJ|BRA - Estadio Eduardo Guinle|2|1
123921|130|15010|Municipal Cicero De Souza Marques - Braganca Paulista - SP|BRA - Nabi Abi Chedid - Bragantino|13|6
123922|175|13827|Estadio Municipal Frederico Dalmaso - Sertaozinho - SP|BRA - Municipal Frederico Dalmaso|3|0
123923|175|13827|Estadio Municipal Ernesto Rocco - Porto Feliz - SP|BRA - Estadio Municipal Ernesto Rocco|3|0
128038|179|24628|_Stade Municipal|FRA - Stade de Reims - Stade Auguste Delaune|8|2
128039|179|24628|_Stade Municipal|FRA - Stade de Reims - Stade Auguste Delaune|8|2
128040|179|24628|_Stade Municipal|FRA - Stade de Reims - Stade Auguste Delaune|8|2
128041|179|24628|_Stade Municipal|FRA - Stade de Reims - Stade Auguste Delaune|8|2
128042|175|13827|_Arena del Centenario (Estadio del Pueblo)|BOL - Estadio IV Centenario|8|2
128043|179|24628|_Stade Municipal|FRA - Stade de Reims - Stade Auguste Delaune|8|2
128044|179|24628|_Stade Municipal|FRA - Stade de Reims - Stade Auguste Delaune|8|2
128045|179|24628|_Stade Municipal|FRA - Stade de Reims - Stade Auguste Delaune|8|2
128046|179|24628|_Stade Municipal|FRA - Stade de Reims - Stade Auguste Delaune|8|2
128047|179|24628|_Stade Municipal|FRA - Stade de Reims - Stade Auguste Delaune|8|2
128048|179|24628|_Stade Municipal|FRA - Stade de Reims - Stade Auguste Delaune|8|2
128049|175|13827|_Arena del Centenario (Estadio del Pueblo)|BOL - Estadio IV Centenario|8|2
128050|175|13827|_Arena del Centenario (Estadio del Pueblo)|BOL - Estadio IV Centenario|8|2
128051|179|24628|_Stade Municipal|FRA - Stade de Reims - Stade Auguste Delaune|8|2
129901|179|24628|_Stade Municipal|FRA - Stade de Marais|8|3
130010|147|32228|Estadio Internacional do Cairo – Cairo – EGY|EGY - Estadio Internacional do Cairo|19|10
130011|175|13827|Estadio Rufinao - Capitao Poco - PA|BRA - Rufinao|1|0
130012|175|13827|Estadio Amintas de Freitas - Jaragua - GO|BRA - Estadio Amintas de Freitas|3|1
130013|179|24628|Estadio Olimpico – Montevideu – URU|URU - Estadio Olimpico Montevideo|8|2
130014|178|19086|GSP Stadium - Nicosia - CYP|CYP - Apoel FC - GSP Stadium|20|6
130015|249|19787|NSC Olimpiyskiy – Kiev – UKR|UKR - Ukraine NT - NSC Olimpiyskiy|20|10
130016|175|13827|Estadio Coaracy da Mata - Arapiraca - AL|BRA - Coaracy da Mata - ASA|2|0
130017|179|24628|Stadion Maksimir – Zagreb – CRO|CRO - Dinamo Zagreb - Stadion Maksimir|20|12
130018|175|13827|Estadio Municipal Silvio Salles - Catanduva - SP|BRA - Estadio Municipal Silvio Salles|2|0
130019|175|13827|Arena Cajueiro - Feira de Santana - BA|BRA - Arena Cajueiro - Feira FC|2|1
130020|175|13827|Estadio Municipal Alfredo Joao Krieck - Rio do Sul - SC|BRA - Estadio Municipal Alfredo Joao Krieck|3|0
130021|175|13827|Estadio do Cafe - Londrina - PR|BRA - Estadio do Cafe - Londrina|8|2
130022|175|13827|Estadio Frasqueirao - Natal - RN|BRA - Frasqueirao - ABC|6|2
130023|195|30493|Estadio dos Tombos - Tombos - MG|BRA - Estadio dos Tombos|5|2
130024|175|13827|Estadio Batistao - Aracaju - SE|BRA - Batistao|5|1
130025|193|29756|Estadio Olimpico Colosso da Lagoa - Erechim - RS|BRA - Colosso da Lagoa - Ypiranga de Erechim|7|2
130026|197|55320|Estadio Baenao - Belem - PA|BRA - Baenao|6|2
130027|175|13827|Estadio Albertao - Teresina - PI|BRA - Albertao|5|1
130028|147|32228|Estadio Santa Cruz - Arena NicNet - Ribeirao Preto - SP|BRA - Santa Cruz - Ribeirao Preto|7|2
130029|175|13827|Arena Uniao - Frederico Westphalen - RS|BRA - Arena Uniao|1|0
130030|193|29756|Estadio Nhozinho Santos - Sao Luis - MA|BRA - Nhozinho Santos|5|1
130031|195|30493|Ramon Tahuichi Aguilera - Santa Cruz de la Sierra - BOL|BOL - Tahuichi Aguilera Royal|10|4
130032|178|19086|Estadio Felix Capriles - Cochabamba - BOL|BOL - Wilstermann & Club Aurora - Estadio Felix Capriles|14|4
130033|175|13827|Estadio Arthur Tavares de Melo - Bonito - PE|BRA - Estadio Arthur Tavares Melo - Maguary|2|0
130034|179|24628|Estadio Real Santa Cruz - Santa Cruz de la Sierra - BOL|BOL - Real Santa Cruz Stadium|10|4
130035|175|13827|Estadio Municipal Carlos Vidaurre Garcia – Tarapoto – PER|PER - Estadio Municipal Carlos Vidaurre Garcia - Union Comercio|6|2
130036|175|13827|Estadio Municipal Olimpico Albino Turbay - Cianorte - PR|BRA - Municipal Olimpico Albino Turbay|4|1
130037|175|13827|Estadio Municipal Pedro Alelaf - Parnahyba - PI|BRA - Estadio Pedro Alelaf|1|0
130038|195|30493|Ramon Tahuichi Aguilera - Santa Cruz de la Sierra - BOL|BOL - Tahuichi Aguilera Blooming|12|6
130039|178|19086|Puwan Stadium - Dalian - CHN|CHN - Puwan Stadium|10|2
130040|195|30493|Estadio Gilbertao - Manacapuru - AM|BRA - Gilbertao AM|5|1
130041|175|13827|Estadio Ismael Benigno (Colina) - Manaus - AM|BRA - Colina|5|2
130042|178|19086|Estadio Giulite Coutinho - Mesquita - RJ|BRA - Giulite Coutinho|6|2
130043|175|13827|Arena da Floresta - Rio Branco - AC|BRA - Arena da Floresta - Atletico AC e Rio Branco|4|1
130044|158|37473|Shanghai Stadium - Shanghai - CHN|CHN - Shanghai Stadium|18|10
130045|175|13827|Estadio Doutor Jorge Ismael de Biasi - Novo Horizonte - SP|BRA - Estadio Doutor Jorge Ismael de Biasi|5|2
130046|195|30493|Municipal Primeiro de Maio - Sao Bernardo do Campo - SP|BRA - Municipal Primeiro de Maio|6|1
130047|178|19086|Estadio Ary De Oliveira e Souza - Campos do Goycatazes - RJ|BRA - Arizao - Goytacaz|1|1
130048|195|30493|Zhengzhou Hanghai Stadium - Henan - CHN|CHN - Hanghai Stadium|8|4
130049|33|22685|Dnipro Arena – Dnipro – UKR|UKR - Dnipro Dinpropetrovsk - Dnipro Arena|8|2
130050|195|30493|Changchun Stadium - Jiin - CHN|CHN - Changchun Stadium|14|4
130051|178|19086|Shenzhen Stadium - Shenzen - CHN|CHN - Shenzhen Stadium|6|2
130052|178|19086|Alha Park - Genebre - SWI|HON - Aloha Park|12|4
130053|195|30493|Estadio Deusdeth Melo - Campo Maior - PI|BRA - Estadio Deusdeth de melo|2|0
130054|249|19787|TEDA Football Stadium - Binhai - CHN|CHN - TEDA Football Stadium|6|4
130055|158|37473|Suwon World Cup Stadium – Suwon – KOR|KOR - Suwon World Cup Stadium|6|6
130056|178|19086|Estadio Ricardo Tulio - Ciudad Bolivar - VEN|VEN - Estadio Ricardo Tulio Maya|6|2
130057|195|30493|Estadio Luis Alfonso Giagni – Villa Elisa – PAR|PAR - Luis Alfonso Giagni|9|2
130058|175|13827|Estadio Sady Schmidt - Campo Bom - RS|BRA - Estadio Sady Arnildo Schmidt|6|1
130059|175|13827|Estadio Anibal Torres Costa - Tubarao - SC|BRA - Estadio Anibal Torres Costa|4|1
130060|147|32228|Partizan Stadium – Belgrado – SER|SER - FK Partizan & Serbia - Partizan Stadium|20|10
130061|195|30493|Borisov Arena - Barysaw - BIE|BIE - Borisov Arena - Bate|14|8
130062|179|24628|Estadio Parque do Sabia - Uberlandia - MG|BRA - Parque do Sabia|2|0
130063|175|13827|Estadio Jose Mammoud Abbas - Governador Valadares - MG|BRA - Estadio Jose Mammoud Abbas|5|2
130064|195|30493|Estadio Municipal Gilberto Siqueira Lopes - Lins - SP|BRA - Gilberto Lopes|6|1
130065|175|13827|Estadio Elcyr Resende de Mendonca - Saquarema - RJ|BRA - Elcyrzao|2|1
130066|58|15875|Doutor Jayme Cintra - Jundiai - SP|BRA - Dr Jayme Cintra|6|3
130067|175|13827|Engenheiro Araripe - Desportiva - Cariacica - ES|BRA - Engenheiro Araripe - Desportiva|1|1
130068|175|13827|Estadio Adabiao - Ceilandia - DF|BRA - Abadiao - Ceilandia|1|1
130069|175|13827|Estadio Alfredo Leahy - Penedo - AL|BRA - Estadio Alfredo leahy|3|1
130070|175|13827|Estadio Jose Gomes da Costa - Murici - AL|BRA - Jose Gomes da Costa|2|0
130071|175|13827|Estadio Resendao - Gurupi - TO|BRA - Resendao - Gurupi|1|0
130072|178|19086|Estadio Nhozinho Santos - Sao Luis - MA|BRA - Nhozinho Santos|3|1
130073|175|13827|Estadio Virotao - Navirai - MS|BRA - Virotao|2|0
130074|175|13827|Estadio Walter Dantas Caldeira - Lagoa do Itaenga - PE|BRA - Walter Dantas Caldeira - Lagoa do Itaenga|1|0
130075|175|13827|Estadio Italo Del Cima - Rio de Janeiro - RJ|BRA - Estadio Italo Del Cima|2|1
130076|175|13827|Estadio Augustinho Lima - Brasilia - DF|BRA - Augustinho Lima|1|1
130077|178|19086|Estadio Presidente Vargas - Campina Grande - PB|BRA - Presidente Vargas PB|6|1
130078|175|13827|Estadio de Pituacu - Salvador - BA|BRA - Pituacu - Bahia|3|1
130079|175|13827|Estadio Municipal Aureo Bradley - Arco Verde - PE|BRA - Estaio Municipal Aureo Bradley|1|0
130080|175|13827|Arena Ytacoatiara - Piri-Piri - PI|BRA - Arena ytacoatiara|2|0
130081|175|13827|Rua Javari - Mooca - Sao Paulo - SP|BRA - Rua javari|6|1
130082|175|13827|Estadio Municipal Coronel Jose Bezerra - Currais Novos - RN|BRA -  Coronel jose bezerra|2|0
130083|175|13827|Complexo Esportivo da UFAL - Maceio - AL|BRA - Complexo Esportivo da UFAL|3|2
130084|175|13827|Estadio Valfredao - Riachao de Jacuipe - BA|BRA - Valfredao - Jacuipense|7|1
130085|175|13827|Estadio Nogueirao - Mossoro - RN|BRA - Nogueirao|2|0
130086|175|13827|Estadio Carneirao - Alagoinhas - BA|BRA - Carneirao - Alagoinhas|5|2
130087|175|13827|Estadio Domingao - Horizonte - CE|BRA - Domingao|2|1
130088|175|13827|Estadio Socrates Stamato - Bebedouro - SP|BRA -  Estadio Socrates Stamato|2|0
130089|175|13827|Estadio Bernardo Rubinger de Queiroz - Patos de Minas - MG|BRA - Bernardo Rubinger de Queiroz|1|0
130090|175|13827|Estadio Fariao - Divinopolis - MG|BRA - Fariao|2|0
130091|175|13827|Estadio Major Jose Levy Sobrinho - Limeira - SP|BRA - Jose Levy Sobrinho|7|1
130092|175|13827|Estadio Flamarion Vasconcelos - Boa Vista - RO|BRA - Canarinho|2|0
130093|175|13827|Estadio Boca do Jacare - Brasilia - DF|BRA - Boca do Jacare|8|2
130094|175|13827|Estadio Paulo Coelho - Petrolina - PE|BRA - Paulo Coelho - Petrolina|2|1
130095|175|13827|Estadio Ismael Benigno (Colina) - Manaus - AM|BRA - Colina|3|1
130096|175|13827|Estadio Portal da Amazonia - Vilhena - RO|BRA - Portal da Amazonia|2|1
130097|175|13827|Estadio Francisco Vasques - Belem - PA|BRA - Francisco Vasques|3|0
130098|175|13827|Estadio Nhozinho Santos - Sao Luis - MA|BRA - Nhozinho Santos|1|0
130099|175|13827|Estadio Zerao - Macapa - AP|BRA - Zerao|2|0
130100|175|13827|Estadio Presidente Vargas - Fortaleza - CE|BRA - Presidente Vargas CE|4|2
130101|21|72788|Estadio Bezerrao - Brasilia - DF|BRA - Bezerrao - Gama|4|1
130102|175|13827|Estadio Ademir Cunha - Paulista - PE|BRA - Ademir Cunha - America-PE|5|5
130103|175|13827|Arena Rifertil - Catalao - GO|BRA - Genervino da Fonseca - CRAC|4|1
130104|21|72788|Estadio Defele - Brasilia - DF|BRA - Estadio Defele|3|1
130105|175|13827|Estadio Lomantao - Vitoria da Conquista - BA|BRA - Lomantao|5|1
130106|178|19086|Estadio Rorizao - Brasilia - DF|BRA - Rorizao|1|1
130107|175|13827|Estadio Elzir Cabral - Fortaleza - CE|BRA - Elzir Cabral|2|1
130108|175|13827|Estadio Regional Willie Davids - Maringa - PR|BRA - Estadio Regional Willie Davids|5|1
130109|175|13827|Estadio 14 de Dezembro - Toledo - PR|BRA - 14 de Dezembro - Toledo|1|0
130110|175|13827|Estadio Dario Rodrigues Leite - Guaratingueta - SP|BRA - Dario Rodrigues Leite|2|0
130111|175|13827|Estadio Mirandao - Araguaina - TO|BRA - Estadio Mirandao|1|0
130112|175|13827|Est. Flavio Guimaraes - Contagem - MG|BRA - Estadio Flavio Guimaraes|1|0
130113|197|55320|Estadio Olimpico Goiania - Goiania - GO|BRA - Estadio Olimpico Goiania|2|0
130114|175|13827|Estadio Ismael Benigno (Colina) - Manaus - AM|BRA - Colina|3|1
130115|175|13827|Estadio Zinho de Oliveira - Maraba - PA|BRA - Zinho Oliveira|5|1
130116|195|30493|Estadio Marrentao - Duque de Caxias - RJ|BRA - Marrentao|2|1
130117|175|13827|Arena Alviazul - Lajeado - RS|BRA - Arena Alviazul|1|0
130118|175|13827|Estadio Robertao - Balneario Camboriu - SC|BRA - Robertao - Balneario Camboriu|3|0
130119|175|13827|Estadio Mario Balsini - Criciuma - SC|BRA - Engenheiro Mario Balsini|3|1
130120|175|13827|Estadio Doutor Hercilio Luz - Itajai - SC|BRA - Estadio Hercilio luz - Marcilio Dias|5|1
130121|175|13827|Estadio Municipal do Pinhao - Sao Jose dos Pinhais - PR|BRA - Municipal do Pinhao|1|0
130122|12|42968|Arena Pantanal - Cuiaba|BRA - Arena Pantanal|1|0
130123|175|13827|Estadio Diogao - Braganca - PA|BRA - Diogao Braganca|2|0
130124|12|42968|Estadio Dutrinha - Cuiaba - MT|BRA - Estadio Dutrinha|5|1
130125|175|13827|Estadio Titao - Frei Paulo - SE|BRA - Titao|2|0
130126|178|19086|Estadio Municipal Lindolfo Monteiro - Teresina - PI|BRA - Municipal Lindolfo Monteiro|2|0
130127|175|13827|Estadio Jabaquara - Santos - SP|BRA - Estadio Espanha|2|0
130128|175|13827|Estadio Bento de Abreu Sampaio - Marilia - SP|BRA - Bento de Abreu Sampaio|3|0
130129|175|13827|Estadio Maria Tereza Breda - Olimpia - SP|BRA - Maria Tereza Breda|4|1
130130|175|13827|Estadio Alfredo de Castilho - Bauru - SP|BRA - Estadio Alfredo de Castilho|3|0
130131|175|13827|Estadio Antonio Lins Ribeiro Guimaraes - Sta Barbara d´Oeste - SP|BRA - Antonio Lins Ribeiro|2|0
130132|175|13827|Estadio Otacilia Patricio Arroyo - Monte Azul - SP|BRA - Estadio Otacilia Patricio Arroyo|2|0
130133|175|13827|Estadio Comendador Agostinho Prada - Limeira - SP|BRA -  Estadio Comendador Agostinho Prada|4|0
130134|175|13827|Estadio Carneirao - Vitoria das Tabocas - PE|BRA - Carneirao - Vitoria das Tabocas|2|0
130135|178|19086|Estadio Estrela d'Alva - Bage - RS|BRA - Estadio Estrela Dalva|2|1
130136|175|13827|Estadio Douradao - Dourados - MS|BRA - Douradao|1|1
130137|175|13827|Estadio 19 de Outubro - Ijui - RS|BRA - Estadio 19 de outubro|4|0
130138|175|13827|Estadio Estradinha - Paranagua - PR|BRA - Estradinha|2|1
130139|175|13827|Arena da Floresta - Rio Branco - AC|BRA - Arena da Floresta - Atletico AC e Rio Branco|2|0
130140|175|13827|Estadio Zerao - Macapa - AP|BRA - Zerao|1|0
130141|175|13827|Estadio Salvador Venancio da Costa - Vitoria - ES|BRA - Estadio Salvador Costa|3|0
130142|193|29756|Estadio Luisao - Sao Carlos - SP|BRA - Luisao|2|0
130143|175|13827|Municipal Vereador Jose Feres - Taboao da Serra - SP|BRA - Municipal Vereador Jose Feres|4|0
130144|175|13827|Estadio Antonio Gomes Martins - Barretos - SP|BRA - Antonio Gomes Martins|2|0
130145|175|13827|Estadio Hudson Buck - Matonense - SP|BRA - Estadio Hudson Buck|2|0
130146|175|13827|Arena Plinio Marin - Votuporanga - SP|BRA - Arena Plinio Marin|2|0
130147|175|13827|Estadio Municipal Decio Vitta - Americana - SP|BRA - Municipal Decio Vitta|4|1
130148|175|13827|Estadio Martins Pereira - Sao Jose dos Campos - SP|BRA - Martins Pereira|3|1
130149|147|32228|Estadio Joaquim de Morais Filho - Taubate - SP|BRA - Estadio Joaquim de Morais Filho|4|1
130150|175|13827|Estadio Benito Agnelo Castellano - Rio Claro - SP|BRA - Benito Agnelo Castellano|2|0
130151|175|13827|Estadio Ulrico Mursa - Santos - SP|BRA - Estadio Ulrico Mursa|2|0
130152|178|19086|Stade Mohammed V – Casablanca – MOR|MOR - Estadio Mohammed V|16|12
130153|261|66081|Al Thumama Stadium – Doha – QAT|QAT- Al Thumama Stadium|8|2
130154|195|30493|Estadio Aluizio Ferreira - Porto Velho - RO|BRA - Aluizao|1|0
130155|196|55299|Sammy Ofer Stadium – Haifa – ISR|ISR - Sammy Ofer Stadium|8|20
130156|195|30493|Stade TP Mazembe - Lubumbashi - DRC|MOR - Stade TP Mazembe|16|8
130157|147|32228|_Stadion Europa||2|0
130158|175|13827|Estadio Jaime Sena Pimentel - Itupiranga - PA|BRA - Estadio Jaime Sena Pimentel|1|0
130159|175|13827|Estadio Antonio Otoni Filho - Brasilia - DF|BRA - Cave|2|1
130160|18|24800|Diego Armando Maradona - Buenos Aires - ARG|ARG - Diego Armando Maradona|12|12
130161|175|13827|Estadio Perpetao - Cajazeiras - PB|BRA - Perpetao|1|0
130162|175|13827|Estadio Italo Mario Limongi - Indaiatuba - SP|BRA - Estadio Italo Mario Limongi|3|0
130163|175|13827|Estadio Pereirao - Pombal - PB|BRA - Pereirao Pombal EC|2|0
130164|175|13827|Estadio Angelo de Carvalho - Campos - RJ|BRA - Estadio Angelo de Carvalho - Campos|2|0
130165|175|13827|Estadio Jose Cavalcanti - Patos - PB|BRA - Jose Cavalcanti|1|0
130166|175|13827|_Arena del Centenario (Estadio del Pueblo)|BRA - Almeidao - PB|2|0
130167|175|13827|Estadio Jose Cavalcanti - Patos - PB|BRA - Jose Cavalcanti|2|0
130168|147|32228|Arena Cajueiro - Feira de Santana - BA|BRA - Arena Cajueiro|5|1
130169|175|13827|_Arena del Centenario (Estadio del Pueblo)|BOL - Estadio IV Centenario|10|10
130170|175|13827|Estadio Nilton Santos - Palmas - TO|BRA - Nilton Santos de Palmas|2|1
130171|175|13827|Estadio Municipal Waldomiro Borges - Jequie - BA|BRA - Waldomiro Borges|4|1
130172|175|13827|_Arena del Centenario (Estadio del Pueblo)|ARG - Atletico Atlanta - Leon Kolbowski|4|2
130173|178|19086|Estadio Cristo Rei - Sao Leopoldo - RS|BRA - Cristo Rei|3|0
130174|175|13827|Estadio Albertao - Teresina - PI|BRA - Albertao|3|0
130175|147|32228|Fooladshahr Stadium – Isfahan – IRN||20|10
130176|249|19787|Estadio Ronaldo Luis Nazario de Lima - Rio de Janeiro - RJ|BRA - Estadio Ronaldo Luis Nazario de Lima|4|1
130177|175|13827|Estadio Pedro Marin Berbel - Birigui - SP|BRA - Pedro Marin Berbel|2|0
130178|147|32228|Estadio Luis Valenzuela Hermosilla - Atacama - CHI|CHI - Luis valenzuela hermosilla|8|2
130179|178|19086|Panthessaliko Stadium – Volos – GRE|GRE - Panthessaliko Volos FC|4|1
130180|179|24628|Panetolikos Stadium – Agrinio – GRE|GRE - Panetolikos Stadium|5|2
130181|175|13827|Estadio Amigao - Campina Grande - PB|BRA - Amigao - Campinense|1|0
130182|175|13827|Lamia Stadium – Lamia – GRE|GRE - Lamia Stadium|5|1
130183|175|13827|Estadio Municipal Jair Carneiro Toscano de Brito - Angra dos Reis - RJ|BRA - Estadio Jair Toscano|3|1
130184|175|13827|Estadio Lourival Gomes - Saquarema - RJ|BRA - Lourival Gomes|2|1
130185|175|13827|Estadio Angelo de Carvalho - Campos - RJ|BRA - Estadio Angelo de Carvalho - Campos|3|1
130186|175|13827|Estadio Caio Martins - Niteroi - RJ|OLD - BRA - Caio martins|2|1
130187|175|13827|Estadio Leao do Sul - Barra Mansa - RJ|BRA - Estadio do leao|2|1
130188|175|13827|Estadio Rorizao - Brasilia - DF|BRA - Rorizao|2|0
130189|21|72788|Estadio Rorizao - Brasilia - DF|BRA - Rorizao|2|0
130190|197|55320|Estadio Jonas Duarte - Anapolis - GO|BRA - Jonas Duarte|3|1
130191|175|13827|Estadio Mamazao - Belem - PA|BRA - Mamazao|2|0
130192|175|13827|Estadio Mario Pessoa - Ilheus - BA|BRA - Mario Pessoa|4|1
130193|147|32228|King Abdulaziz Stadium (Al-Wehda Club) – Meca – SAU|SAU - Al Wedha - Abdelaziz Stadium|20|8
130194|196|55299|Cangzhou Stadium - Beijing - CHN|CHN - Cangzhou Stadium|4|2
130195|261|66081|Avanhard Stadium – Lutsk – UKR|UKR - Avanhard Stadium Lutsk Veres|16|4
130196|175|13827|Estadio Parque Palermo – Montevideu – URU|URU - Estadio Parque palermo|8|1
130197|175|13827|Estadio La Bombonerita - Carabobo - VEN|VEN - La Bombonerita|6|3
130198|158|37473|Estadio Inca Garcilaso de la Vega – Cusco – PER|PER - Inca Garcilaso de la Vega - Real Garcilaso|10|2
130199|195|30493|Estadio Bellavista – Ambato – ECU|ECU - Macara - Estadio Bellavista|6|1
130200|147|32228|Estadio Alejandro Morera Soto (LD Alajuelense) – Alajuela – COS|COS - Costa Rica - Estadio LD Alajuelense|20|6
130201|147|32228|Estadio Gilberto Parada - Montero - BOL|BOL - Estadio Gilberto Parada|8|2
130202|175|13827|Estadio Victor Agustin Ugarte - Potosi - BOL|BOL - Victor Agustin Ugarte - Nacional Potosi|12|6
130203|147|32228|Estadio Kleber Andrade - Cariacica - ES|BRA - Kleber Andrade|3|1
130204|147|32228|Estadio Olimpico Metropolitano – San Pedro Sula – HON|HON - Honduras NT & Marathon & Real Espana - Olimpico Metropolitano|12|9
130205|175|13827|Estadio Olimpico Metropolitano – San Pedro Sula – HON|HON - Honduras NT & Marathon & Real Espana - Olimpico Metropolitano|13|7
130206|175|13827|Estadio Enio Amantino Silva - Sao Jose - SC|BRA - Estadio Enio Amantino Silva|3|1
130207|147|32228|Estadio Olimpico Benito Juarez – Ciudad Juarez – MEX|MEX - FC Juarez - Estadio Olimpico Benito Juarez|6|2
130208|175|13827|Estadio Zinho de Oliveira - Maraba - PA|BRA - Zinho Oliveira|1|0
130209|175|13827|Estadio Aluizio Ferreira - Porto Velho - RO|BRA - Aluizao|3|0
130210|175|13827|Estadio Valeriao - Ariquemes - RO|BRA - Valeriao|2|0
130211|197|55320|Estadio Luiz Saraiva Vieira - Ivinhema - MS|BRA - Estadio Saraivao|1|0
130212|172|45010|Estadio Gileno de Carli - Cabo de Santo Agostinho - PE|BRA - Municipal Gileno de Carli|4|0
130213|175|13827|Estadio Gigante do Agreste - Garanhuns - PE|BRA - Estadio Gigante Do Agreste|2|0
130214|175|13827|Estadio Luiz Geraldo da Silva - Caceres - MT|BRA - Estadio Luiz Geraldo da Silva|2|0
130215|175|13827|Florestao - Rio Branco - AC|BRA - Florestao|3|0
130216|175|13827|Florestao - Rio Branco - AC|BRA - Florestao|2|0
130217|195|30493|Estadio Alfonso Lastras Ramirez – San Luis Potosi – MEX|MEX - Atletico de San Luis - Alfonso Lastras Ramirez|4|2
130218|175|13827|Estadio Nilton Santos - Palmas - TO|BRA - Nilton Santos de Palmas|2|0
130219|175|13827|Estadio Limeirao - Santa Cruz do Capibaribe - PE|BRA - Estadio Limerao PE|1|0
130220|172|45010|Arena Pernambuco - Recife||5|1
130221|147|32228|Juan Domingo Peron - Cordoba - ARG|ARG - Monumental Alta Cordoba|2|2
130222|178|19086|Oita Bank Dome – Oita – JPN|JPN - Oita Bank Dome|8|2
130223|196|55299|Jeonju World Cup Stadium – Jeonju – KOR|KOR - Jeonju Stadium|18|14
130224|261|66081|Al Janoub Stadium – Al Wakrah – QAT|QAT - Al Janoub Stadium|8|2
130225|175|13827|Juan Bautista Gargantini - Mendoza - ARG|ARG - Bautista Gargantini|3|2
130226|147|32228|_Stadion Europa||8|2
130227|175|13827|_Arena del Centenario (Estadio del Pueblo)|BOL - Estadio IV Centenario|10|10
130228|147|32228|Hoofdstad Stadion - Chernobyl - UKR|FAN - Hoofdstad Stadion|12|4
130229|175|13827|Estadio Israel Barrios – Coatepeque – GUA|GUA - Estadio Israel Barrios|6|2
130230|175|13827|Aldevio Barbosa Lemos - Campo Limpo Pta - SP|BRA - Estadio Aldevio Barbosa Lemos - CLP|1|0
130231|147|32228|Estadio de Puerto Rico – San Juan – PTR|PTR - Stadium Puerto Rico|6|2
130232|179|24628|Estadio Biancao - Ji-Parana - RO|BRA - Estadio Biancao|5|0
130233|175|13827|Estadio Pensativo – Antigua Guatemala – GUA|GUA - Deportivo Antigua Guatemala FC - Estadio Pensativo|6|2
130234|175|13827|Estadio Okimori Hamada - Varzea Paulista - SP|BRA - Estadio Okimori Hamada|1|0
130235|147|32228|Estadio El Trebol – Cidade da Guatemala – GUA|GUA - CSD Municipal - El Trebol|6|2
130236|175|13827|FE Arena Oceanic - La Playa - GUA|OFC - FE Arena Oceanic|6|2
130237|195|30493|Grenada National Stadium – St. George’s – GND|GND - Grenada Stadium|4|2
130238|147|32228|Estadio Cementos Progreso – Cidade da Guatemala – GUA|GUA - CSD Comunicaciones - Estadio Cementos Progreso|6|2
130239|179|24628|Hasely Crawford Stadium – Porto de Espanha – TRI|TRI - Hasely Crawford Stadium Trinidad|6|2
130240|175|13827|Estadio Municipal Claudio Rodante - Fernandopolis - SP|BRA - Estadio Municipal Claudio Rodante|1|0
130241|118|10000|Estadio Distrital do Inamar - Diadema - SP|BRA - Distrital do Inamar|5|1
130242|175|13827|Estadio Antonio Inacio de Souza - Caruaru - PE|BRA - Estadio antonio inacio de souza|2|0
130243|175|13827|Municipal Carlos Villegas - Entre Rios - BOL|BOL - Municipal Carlos Villegas|2|2
130244|249|19787|Baku Olympic Stadium - Bacu - AZE|AZE - Baku Olympic Stadium|10|4
130245|195|30493|Municipal Jeronimo Ferreira Fraga - Jatai - GO|BRA - Estadio Jeronimo Ferreira Fraga|2|0
130246|175|13827|Parque Esportivo Montanha dos Vinhedos - Bento Goncalves - RS|BRA - Montanha dos Vinhedos|3|0
130247|175|13827|Estadio Lanchao - Franca - SP|BRA - Lanchao|2|0
130248|175|13827|Estadio PLUS! Arena - Sao Paulo - SP|BRA - PLUS Arena|1|1
130249|179|24628|_Stade Municipal|FRA - Stade de Reims - Stade Auguste Delaune|8|2
130250|179|24628|Estadio Floro de Mendonca - Itacoatiara - AM|BRA - Floro de Mendonca|1|0
130251|249|19787|Estadio Aluizio Ferreira - Porto Velho - RO|BRA - Aluizao|1|10
130252|147|32228|Estadio das Castanheiras - Farroupilha - RS|BRA - Estadio Castanheiras|4|1
130253|249|19787|Estadio Zerao - Macapa - AP|BRA - Zerao|1|0
130254|249|19787|Estadio Municipal Glicerio de Souza Marques - Macapa - AP|BRA - Municipal Glicerio de Souza Marques|1|0
130255|249|19787|_Molton Road (Sheldon Stadium)|ENG - London Road Stadium - Peterborough|1|0
130256|249|19787|Estadio Cassolao - Rolim de Moura - RO|BRA - Estadio Cassolao|1|0
130257|195|30493|Al Thumama Stadium – Doha – QAT|QAT- Al Thumama Stadium|8|2
130258|179|24628|_Stade Municipal|POR - Estadio Jose Gomes|2|2
130259|249|19787|Arena da Floresta - Rio Branco - AC|BRA - Arena da Floresta - Atletico AC e Rio Branco|1|0
130260|175|13827|Estadio Presidente Vargas - Fortaleza - CE|BRA - Presidente Vargas CE|5|2
130261|175|13827|Estadio Juvenal Melo - Crateus - CE|BRA - Estadio Juvenal Melo|2|1
130262|175|13827|Estadio Bezerrao - Brasilia - DF|BRA - Bezerrao - Gama|2|1
130263|175|13827|Estadio Diogao - Formosa - GO|BRA - Diogao|0|0
130264|193|29756|Estadio Ademir Cunha - Paulista - PE|BRA - Ademir Cunha - America-PE|1|0
130265|175|13827|Estadio Sumare - Cachoeiro de Itapemirim - ES|BRA - Estadio Sumare|2|1
130266|175|13827|Estadio Jose Olimpio da Rocha - Aguia Branca - ES|BRA - Jose Olimpio da Rocha|4|1
130267|175|13827|Estadio Olimpio Perim - Venda Nova do Imigrante - ES|BRA - Estadio Olimpio Perim|2|0
130268|175|13827|Estadio Raimundo Ribeiro de Souza - Boa Vista - RR|BRA - Estadio Raimundo Ribeiro de Souza|2|0
130269|175|13827|Estadio Municipal de Queimadas - Queimadas - PB|BRA - Municipal de Queimadas|1|0
130270|147|32228|Estadio Municipal Joao Saldanha - Marica - RJ|BRA - Estadio Municipal Joao Saldanha|2|2
130271|178|19086|Lucas Oil Stadium – Indianapolis|USA - Lucas Oil Stadium - Indiana|4|2
130272|147|32228|Providence Stadium – Georgetown – GUY|GUY - Providence Stadium|6|2
130273|33|22685|Estadio Pina Manique – Lisboa – POR|POR - Pina Manique|4|2
130274|175|13827|Estadio Raul Oliveira (Zona Sul) - Santo Angelo - RS|BRA - Estadio Raul Oliveira - Zona Sul|1|1
130275|175|13827|Estadio Olimpico de Ibarra – Ibarra – ECU|ECU - Estadio olimpico de ibarra|6|2
130276|147|32228|TQL Stadium – Cincinnati|USA - TQL Stadium - FC Cincinnati|10|8
130277|179|24628|Estadio Monumental de SESI - Blumenau - SC|BRA - Estadio Monumental de SESI|10|10
130278|175|13827|Estadio Raimundao - Caucaia - CE|BRA - Raimundao|3|1
130279|175|13827|Estadio Ninho do Periquito - Sao Goncalo do Amarante - RN|BRA -  Ninho de Periquito|3|0
130280|175|13827|Estadio Edgarzao - Assu - RN|BRA - Edgarzao|2|0
130281|179|24628|Estadio Frasqueirao - Natal - RN|BRA - Frasqueirao - ABC|2|0
130282|175|13827|Arena Romeirao - Juazeiro do Norte - CE|BRA - Arena Romeirao Icasa|3|0
130283|175|13827|Estadio Carlos Zamith - Manaus -AM|BRA - Estadio Carlos Zamith|2|1
130284|175|13827|Estadio Floro de Mendonca - Itacoatiara - AM|BRA - Floro de Mendonca|4|1
130285|50|44351|Arena Amazonia - Manaus - AM|BRA - Arena Amazonia|4|1
130286|172|45010|Arena Pernambuco - Recife||6|1
130287|175|13827|Estadio Carneirao - Cruz do Espirito Santo - PB|BRA - Carneirao PB|3|0
130288|175|13827|Estadio Tiberao - Floriano - PI|BRA - Estadio Tiberao|2|0
130289|197|55320|Estadio Ipatingao - Ipatinga - MG|BRA - Ipatingao|7|2
130290|147|32228|Municipal Prefeito Gabriel Marques da Silva - Santana do Parnaiba - SP|BRA - Municipal prefeito gabriel marques da silva|2|0
130291|175|13827|Estadio mansueto Pierotti - Sao Vicente - SP|BRA - Estadio Mansueto Pierotti|2|0
130292|175|13827|Estadio Municipal Pedro Benedetti - Maua - SP|BRA - Municipal pedro benedetti|5|1
130293|175|13827|Estadio Municipal Antonio Fernandes - Guaruja - SP|BRA - Estadio Municipal Antonio Fernandes|2|0
130294|175|13827|Estadio Zezinho Magalhaes - Jau - SP|BRA - Estadio Zezinho Magalhaes|3|0
130295|175|13827|Estadio Doutor Herminio Ometto - Araras - SP|BRA - Doutor Herminio Ometto|4|1
130296|179|24628|Estadio Suzanao - Suzano - SP|BRA - Suzanao|4|1
130297|175|13827|Estadio Municipal de Pinheiros - Pinheiros - ES|BRA - Estadio Municipal de Pinheiros|2|0
130298|195|30493|Estadio Edilson Abreu - Santa Izabel do Para - PA|BRA - Edilson Abreu|1|0
130299|175|13827|Huvepharma Arena - Razgrad - BUL|BUL - Ludogorets - Ludogorets Arena|18|14
130300|175|13827|Arena do Guerreiro - Pedro II - PI|BRA - Arena do Guerreiro|4|1
130301|175|13827|Estadio Odilon Ferreira - Sertania - PE|BRA - Odilon Ferreira|3|0
130302|175|13827|Estadio Municipal Valdir Doilho Wons - Nova Mutum - MT|BRA  - Estadio Municipal Valdir Doilho Wons|2|0
130303|195|30493|Estadio da Pedra Moura - Bage - RS|BRA - Estadio da pedra moura|2|0
130304|175|13827|_Arena del Centenario (Estadio del Pueblo)|BOL - Estadio IV Centenario|2|0
130305|175|13827|Estadio Municipal Costa Rodrigues - Pinheiro - MA|BRA - Estadio municipal costa rodrigues|1|0
130306|175|13827|Estadio Pinheirao - Sao Mateus do Maranhao - MA|BRA - Estadio Pinheirao MA|2|0
130307|175|13827|Estadio Francisco Franco - Rancharia - SP|BRA - Estadio Francisco Franco|1|0
130308|175|13827|Estadio Anilado - Francisco Beltrao - PR|BRA - Estadio Anilado|1|0
130309|175|13827|Estadio Vavazao - Maruim - SE|BRA - Vavazao|1|1
130310|175|13827|Estadio Rosenao - Parauapebas - PA|BRA - Rosenao|3|0
130311|175|13827|Estadio Barretao - Lagarto - SE|BRA - Barretao Sergipe|3|1
130312|195|30493|Municipal Miguel Queiroz Suira - Porto Reeal do Colegio - AL|BRA - Miguel Queiroz Suira|2|0
130313|195|30493|Estadio Editon Oliveira - Nossa Senhora da Gloria - SE|BRA - Estadio Editon Oliveira|2|0
130314|175|13827|Estadio Prudentao - Presidente Prudente - SP|BRA - Estadio Prudentao|2|0
130315|175|13827|Estadio Antonio Soares de Oliveira - Guarulhos - SP|BRA - Antonio Soares de Oliveira|2|0
130316|175|13827|Estadio Antonio Soares de Oliveira - Guarulhos - SP|BRA - Antonio Soares de Oliveira|1|0
130317|175|13827|Estadio Municipal Viana da Silva - Assis - SP|BRA - Estadio Municipal Viana da Silva|2|0
130318|195|30493|Estadio Jair Siqueira Bittencourt - Itaperuna - RJ|BRA - Jair Siqueira Bittencourt|2|0
130319|178|19086|Estadio do ABC - Foz do Iguacu - PR|BRA - Estadio do ABC|2|0
130320|175|13827|Estadio Massri Mattar - Teofilo Otoni - MG|BRA - Estadio Nassri Mattar|2|0
130321|175|13827|Estadio Odilon Flores - Mineiros - GO|BRA - Estadio Odilon Flores - Mineiros|2|0
130322|175|13827|Estadio Morenao - Iguatu - CE|BRA - Estadio Morenao Iguatu|4|1
130323|195|30493|Shizuoka Ecopa Stadium – Fukuroi – JPN|JAP - Estadio Shizuoka Ecopa|4|2
130324|195|30493|Estadio Municipal Doutor Waldemiro Wagner - Paranavai - PR|BRA - DR Valdomiro Wagner|2|1
130325|175|13827|Estadio Fernando Gomes Oliveira - Itabuna - BA|BRA - Itabunao|2|0
130326|175|13827|Arena Barra - Itajai - SC|BRA - Arena Barra|3|0
130327|175|13827|Estadio Municipal Dr Rafael Seabra - TunTum -MA|BRA - Municipal Dr Rafael Seabra|2|0
130328|175|13827|Estadio Leandao - Barra do Corda - MA|BRA - Municipal Leandro Claudio da Silva|2|0
130329|195|30493|Estadio Joao Vilela - Morrinhos - GO|BRA - Estadio Joao Vilela|2|0
130330|195|30493|Estadio Municipal Gerson Campos - Oeiras - PI|BRA - Estadio Gerson Campos|1|0
130331|175|13827|Estadio Carlos Zamith - Manaus -AM|BRA - Estadio Carlos Zamith|3|0
130332|195|30493|Estadio Morenao - Campo Grande - MS|BRA - Morenao|3|0
130333|195|30493|Estadio Gilbertao - Manacapuru - AM|BRA - Gilbertao AM|1|0
130334|195|30493|Estadio Diogao - Formosa - GO|BRA - Diogao|1|0
130335|249|19787|Arena Cruzeiro - Cachoeirinha - RS|BRA - Arena Cruzeiro|2|1
130336|195|30493|Estadio Municipal Glicerio de Souza Marques - Macapa - AP|BRA - Municipal Glicerio de Souza Marques|2|0
130337|195|30493|Estadio Flamarion Vasconcelos - Boa Vista - RO|BRA - Canarinho|2|0
130338|195|30493|Estadio Ipixunao - Ipixuna - PA|BRA - Ipixunao|1|0
130339|175|13827|Estadio Adabiao - Ceilandia - DF|BRA - Abadiao - Ceilandia|3|1
130340|175|13827|Estadio JK - Itumbiara - GO|BRA - Estadio JK|2|1
130341|195|30493|Estadio Francao - Estancia - SE|BRA - Estadio Francao|3|0
130342|175|13827|Estadio Atilio Gionedis - Campo Largo - PR|BRA - Estadio Atilio Gionedis|2|0
130343|195|30493|Municipal Joao Cruz - Barra dos Coqueiros - SE|BRA - Estadio municipal joao cruz|1|0
130344|175|13827|Estadio Municipal Pedro Alelaf - Parnahyba - PI|BRA - Estadio Pedro Alelaf|1|0
130345|195|30493|Estadio Municipal Lucidio Frazao - Chapadinha - MA|BRA - Estadio Lucidio Frazao|2|0
130346|175|13827|Estadio Francisco Garcia - Rio Preto da Eva - AM|BRA - Estadio  Francisco Garcia|2|1
130347|178|19086|Estadio dos Eucaliptos - Santa Cruz do Sul - RS|BRA - Estadio Eucalipto|2|0
130348|175|13827|Estadio Inaldao - Barbalha - CE|BRA - Estadio Inaldao|2|0
130349|193|29756|Estadio Amigao - Campina Grande - PB|BRA - Amigao - Campinense|1|0
130350|175|13827|Arena Romeirao - Juazeiro do Norte - CE|BRA - Arena Romeirao v2|3|0
130351|175|13827|_Arena del Centenario (Estadio del Pueblo)|ARG - Acassuso - La Quema de Boulogne|4|0
130352|179|24628|_Stade Municipal|ARG - Agropecuario - Ofelia Rosenzuaig|6|1
130353|175|13827|Stadionul Gaz Metan – Media? – ROM|ROM - Stadionul Gaz Metan|8|4
130354|249|19787|_Molton Road (Sheldon Stadium)|BRA - Toca do Papao - PB|1|0
130355|175|13827|Municipal Leonidas Camarinha - Santa Cruz do Rio Pardo - SP|BRA - Leonidas camarinha|1|0
130356|175|13827|Estadio Alberto Victolo - Tanabi - SP|BRA - Estadio Alberto Victolo|1|0
130357|175|13827|Estadio Municipal Alonso Carvalho Braga - Tupa - SP|BRA - Estadio Municipal Alonso Carvalho Braga|1|0
130358|175|13827|Estadio Taquarao - Taquaritinga - SP|BRA - Taquarao|1|0
130359|175|13827|Estadio Luisao - Sao Carlos - SP|BRA - Luisao|2|0
130360|175|13827|Estadio Jose Araujo Cintra - Amparo - SP|BRA - Estadio Jose Araujo Cintra|1|0
130361|175|13827|Estadio Municipal Carlos Ferracini - Caieiras - SP|BRA - Estadio Municipal Carlos Ferracini|2|0
130362|175|13827|Estadio Kleber Andrade - Cariacica - ES|BRA - Kleber Andrade|1|0
130363|175|13827|Estadio Du Cambusano - Jacarei - SP|BRA - Estadio Du Cambusano|1|0
130364|175|13827|Estadio Municipal Viana da Silva - Assis - SP|BRA - Estadio Municipal Viana da Silva|1|0
130365|175|13827|Estadio Suzanao - Suzano - SP|BRA - Suzanao|1|0
130366|175|13827|Estadio Municipal Pedro Benedetti - Maua - SP|BRA - Municipal pedro benedetti|2|0
130367|175|13827|Parque do Bacurau - Cameta - PA|BRA - Parque do Bacurau|4|1
130368|175|13827|Estadio Divino Garcia Rosa - Goiatuba -GO|BRA - Estadio Divino Garcia Rosa - Goiatuba|2|0
130369|175|13827|_Arena del Centenario (Estadio del Pueblo)|ARG - Arq Ricardo Etcheverri|9|1
130370|175|13827|Juan Pasquale - Cordoba - ARG|ARG - Defensores Belgrano- Juan Pasquale|7|2
130371|179|24628|_Stade Municipal|ARG - 23 de Agosto - Jujuy|6|1
130372|175|13827|Estadio Humberto Parente - Abaetetuba - PA|BRA - Humberto Parente|2|0
130373|175|13827|_Arena del Centenario (Estadio del Pueblo)|ARG - Almirante Brown - Fragata Sarmiento|6|0
130374|175|13827|_Arena del Centenario (Estadio del Pueblo)|ARG - San Telmo - Osvaldo Baletto|5|2
130375|158|37473|Stadionul Nicolae Dobrin – Pite?ti – ROM|ROM - Stadium Nicolae Dobrin|8|2
130376|175|13827|_Arena del Centenario (Estadio del Pueblo)|ARG - Eduardo Gallardon - Los Andes|5|0
130377|175|13827|Estadio Usina Esperanca FC - Itabirito - MG|BRA - Estadio Usina Esperanca|1|0
130378|249|19787|Estadio de Pituacu - Salvador - BA|BRA - Pituacu - Bahia|2|1
130379|175|13827|Estadio Fernando Gomes Oliveira - Itabuna - BA|BRA - Itabunao|2|1
130380|175|13827|Estadio Mario Pessoa - Ilheus - BA|BRA - Mario Pessoa|2|1
130381|175|13827|Estadio de Pituacu - Salvador - BA|BRA - Pituacu - Bahia|2|0
130382|249|19787|Estadio Nivaldo Pereira - Nova Iguacu - RJ|BRA - Nivaldo Pereira|1|0
130383|175|13827|Estadio de Pituacu - Salvador - BA|BRA - Pituacu - Bahia|4|1
130384|175|13827|Estadio Affonso de Carvalho - Uba -MG|BRA - Afonso de Carvalho|1|0
130385|249|19787|Estadio Jose Maria de Melo - Montes Claros - MG|BRA - Estadio Jose Maria de Melo|1|0
130386|249|19787|Estadio Soares de Azevedo - Muriae - MG|BRA - Soares de Azevedo|2|0
130387|175|13827|Arena Vera Cruz - Betim - MG|BRA - Arena Vera cruz|1|0
130388|175|13827|Estadio Joaquim Portugal - Sao Joao Del Rei - MG|BRA - Estadio Joaquim Portugal|4|1
130389|175|13827|Arena Frimisa - Santa Luzia - MG|BRA - Arena Frimisa|1|0
130390|175|13827|Estadio Prefeito Dilzon Melo - Varginha - MG|BRA - Estadio do Melao|1|0
130391|175|13827|Estadio Zerao - Macapa - AP|BRA - Zerao|2|0
130392|175|13827|Estadio Altos da Gloria - Vacaria - RS|BRA - Estadio Altos da Gloria|3|1
130393|195|30493|_Estadio El Medio|ARG - Atletico Mitre - Doctores Jose y Antonio Castiglione|7|0
130394|178|19086|Stadionul Emil Alexandrescu – Ia?i – ROM|ROM - CSM Poli Iasi - Stadion Emil Alexandrescu|4|2
130395|147|32228|Estadio 11 de Novembro - Angola|ANG - Estadio 11 de Novembro|8|4
130396|147|32228|Estadio Mirandao - Crato - CE|BRA - Mirandao|5|0
130397|147|32228|Estadio Municipal Silvio Salles - Catanduva - SP|BRA - Estadio Municipal Silvio Salles|3|0
130398|175|13827|Estadio Federativo Reina del Cisne – Loja – ECU|ECU - Estadio Federativo Reina del Cisne|8|2
130399|175|13827|Estadio Los Chankas – Andahuaylas – PER|PER - Estadio Los Chankas|3|1
130400|175|13827|Estadio Municipal de Quillacollo - Quillacollo - BOL|BOL - Estadio Municipal de Quillacollo|12|4
130401|147|32228|Ajinomoto Stadium – Tokyo - JPN|JAP - Ajinomoto Stadium|6|2
130402|147|32228|Sendai Stadium – Sendai – JPN|JAP - Sendai Stadium|2|2
130403|175|13827|Estadio Municipal Dr. Adhemar de Barros - Aracatuba - SP|BRA - Estadio Municipal Adhemar de Barros|2|0
130404|33|22685|_Union Park (Euro Arena)||8|2
130405|196|55299|_Stadion Hanguk||18|12
130406|175|13827|Estadio Jonas Duarte - Anapolis - GO|BRA - Jonas Duarte|2|1
130407|175|13827|Arena Barueri - Barueri - SP|BRA - Arena Barueri|4|0
130408|175|13827|_Arena del Centenario (Estadio del Pueblo)|BOL - Estadio IV Centenario|18|2
130409|33|22685|_Union Park (Euro Arena)||16|6
130410|197|55320|Stadionul Eugen Popescu – Targovi?te – ROM|ROM - Stadionul Eugen Popescu - Chindia|8|2
130411|33|22685|Levadiakos Stadium – Livadeia – GRE|GRE - Levadiakos staidum|5|2
130412|179|24628|Estadio Moraisao - Maranguape - CE|BRA - Estadio Moraisao|2|0
130413|179|24628|Estadio Abilhao - Quixada - CE|BRA - Estadio Abilhao|2|0
130414|179|24628|Estadio Defele - Brasilia - DF|BRA - Estadio Defele|3|0
130415|179|24628|Estadio Rorizao - Brasilia - DF|BRA - Rorizao|1|0
130416|175|13827|Estadio Aglair Tonelli - Cacoal - RO|BRA - Aglair tonelli|2|1
130417|179|24628|Estadio Municipal Almiro Ofranti - Vargem Alta - ES|BRA - Estadio Municipal Almiro Ofranti|2|0
130418|179|24628|Arena Charles Muller - Paco do Lumiar - MA|BRA - Estadio Charles Muller|1|0
130419|179|24628|Estadio Regional Willie Davids - Maringa - PR|BRA - Estadio Regional Willie Davids|1|0
130420|179|24628|Estadio Israel Pinheiro - Itabira - MG|BRA - Estadio Israel Pinheiro|2|0
130421|179|24628|Estadio Albertao - Teresina - PI|BRA - Albertao|1|0
130422|179|24628|Estadio Municipal Dito Souza - Varzea Grande - MT|BRA - Estadio Dito Souza|1|0
130423|179|24628|Estadio Jaime Guerra - Neropolis - GO|BRA - Estadio Jaime Guerra|1|0
130424|195|30493|_Estadio El Medio|ARG - Guemes - Arturo Miranda|6|0
130425|179|24628|Estadio Monumental de SESI - Blumenau - SC|BRA - Estadio Monumental de SESI|2|0
130426|179|24628|Estadio Frei Epifanio D'Abadia - Imperatriz - MA|BRA - Estadio Frei Epifanio|1|0
130427|179|24628|Estadio Apolonio Bouret de Melo - MT|BRA - Estadio Apolonio Bouret de Melo|1|0
130428|179|24628|Estadio Municipal Pereira de Queiroz - MS|BRA - Estadio Pereirao - MS|1|0
130429|179|24628|Estadio Ninho do Aguia (Ilie Vidal) - MS|BRA - Estadio Ninho do Aguia|2|0
130430|179|24628|Estadio Municipal Mario Pinto de Souza - Aquidauana - MS|BRA - Municipal Mario Pinto de Souza|1|0
130431|179|24628|Estadio Arthur Marinho - Corumba - MS|BRA - Estadio Arthur Marinho|10|10
130432|179|24628|_Stade Municipal|FRA - Stade de Reims - Stade Auguste Delaune|1|0
130433|249|19787|Arena da Floresta - Rio Branco - AC|BRA - Arena da Floresta - Atletico AC e Rio Branco|2|0
130434|249|19787|Modulo Esportivo Mucajai - RR|BRA - Estadio modulo esportivo mucajai|1|0
130435|249|19787|Estadio Flamarion Vasconcelos - Boa Vista - RO|BRA - Canarinho|1|0
130436|249|19787|_Molton Road (Sheldon Stadium)|ENG - London Road Stadium - Peterborough|1|0
130437|249|19787|Estadio Nilton Santos - Palmas - TO|BRA - Nilton Santos de Palmas|1|0
130438|249|19787|Municipal Jorge Filho - Angico - TO|BRA - Estadio municipal Jorge Filho|1|0
130439|249|19787|Estadio Nilton Santos - Palmas - TO|BRA - Nilton Santos de Palmas|2|0
130440|249|19787|Estadio Adolfo Rollemberg - Aracaju - SE|BRA - Estadio Adolfo Rollemberg|1|0
130441|249|19787|Estadio Ariston Azevedo - Nossa Sra. das Dores - SE|BRA - Estadio Ariston Azevedo|1|0
130442|249|19787|Estadio Caio Feitosa - Porto da Folha - SE|BRA - Estadio Caio Feitosa|1|0
130443|249|19787|Estadio Municipal Lindolfo Monteiro - Teresina - PI|BRA - Municipal Lindolfo Monteiro|4|0
130444|179|24628|_Stade Municipal|FRA - Stade de Reims - Stade Auguste Delaune|20|5
130445|249|19787|Estadio Mozart Veloso do Carmo - Rio Verde - GO|BRA - Estadio Mozart Veloso do Carmo|1|0
130446|179|24628|_Stade Municipal|SPA - Fuenlabrada - Estadio Fernando Torres|4|2
130447|179|24628|_Stade Municipal|FRA - Stade de Reims - Stade Auguste Delaune|6|1
130448|175|13827|Estadio Nilton Santos - Palmas - TO|BRA - Nilton Santos de Palmas|3|0
130449|179|24628|_Stade Municipal|FRA - Stade de Reims - Stade Auguste Delaune|8|2
130450|179|24628|_Stade Municipal|FRA - Stade Rene-Gaillard|8|2
130451|179|24628|_Stade Municipal|FRA - Stade de Reims - Stade Auguste Delaune|8|2
130452|179|24628|_Stade Municipal|FRA - Stade de Reims - Stade Auguste Delaune|7|3
130453|178|19086|_Stadion Neder|CZE - Mestsky Stadion - Karvina|2|1
130454|179|24628|_Stade Municipal|FRA - Stade de Reims - Stade Auguste Delaune|12|4
130455|179|24628|_Stade Municipal|CRO - Stadion Aldo Drosina|8|2
130456|179|24628|_Stade Municipal|CRO - Stadion Kranjcevicevoj - Zagreb|8|2
130457|179|24628|_Stade Municipal|CRO - Stadion Subicevac - Sibenik|8|2
130458|179|24628|_Stade Municipal|CRO - Gospin Dolac - Imotski|8|2
130459|179|24628|_Stade Municipal|FRA - Stade de Reims - Stade Auguste Delaune|8|2
130460|179|24628|_Stade Municipal|BRA - Estadio Aldo Dapuzzo|2|0
130461|179|24628|Estadio Perilo Teixeira - Itapipoca - CE|FRA - Stade de Reims - Stade Auguste Delaune|1|0
130462|179|24628|Arena Romeirao - Juazeiro do Norte - CE|BRA - Arena Romeirao v2|1|0
130463|249|19787|_Molton Road (Sheldon Stadium)|BRA - Mangueirao|1|0
130464|249|19787|Dr. Adilson Machado de Farias - Itabirinha - MG|BRA - Estadio Dr. Adilson Machado de Farias|1|0
130465|249|19787|Estadio da Montanha - Nova Veneza - SC|BRA - Estadio da montanha sc|2|0
130466|249|19787|Esatdio Renato Silveira - Palhoca - SC|BRA - Estadio Renato Silveira|2|0
130467|249|19787|Estadio Dr Sadalla Amin Ghanem - Joinville - SC|BRA - Estadio Dr Sadalla Amin Ghanem|2|0
130468|249|19787|Estadio Atilio Gionedis - Campo Largo - PR|BRA - Estadio Atilio Gionedis|10|10
130469|249|19787|Estadio Gigante do Itibere - Paranagua - PR|BRA - Estadio Gigante do itibere|1|0
130470|249|19787|Jose Carlos Galbier - Campo Mourao - PR|BRA - Estadio Jose Carlos Galbier|10|10
130473|249|19787|_Molton Road (Sheldon Stadium)|ARG - Estudiantes Rio IV - Antonio Candini|6|1
130508|175|13827|_Arena del Centenario (Estadio del Pueblo)|BOL - Estadio IV Centenario|4|10
130509|249|19787|_Molton Road (Sheldon Stadium)|ENG - London Road Stadium - Peterborough|4|10
130510|33|22685|_Union Park (Euro Arena)||4|10
130543|193|29756|Estadio Rio Parapiti – Pedro Juan Caballero – PAR|PAR - Estadio Rio Parapiti|5|1
130549|175|13827|Estadio Joao da Silva Moreira - Porto Alegre - RS|BRA - Estadio Joao da Silva Moreira|2|0
130596|179|24628|_Stade Municipal|FRA - Stade de Reims - Stade Auguste Delaune|8|2
130614|195|30493|Estadio Juca Sampaio - Palmeira dos Indios - AL|BRA - Juca sampaio|3|0
130615|179|24628|Estadio Augusto Antunes - Santana - AP|BRA - Estadio Augusto Antunes|3|0
130616|175|13827|_Arena del Centenario (Estadio del Pueblo)|BRA - Estadio Gigante do Norte|3|0
130623|175|13827|Estadio Raimundo Ribeiro de Souza - Boa Vista - RR|BRA - Estadio Raimundo Ribeiro de Souza|2|0
130624|175|13827|Estadio Raimundo Ribeiro de Souza - Boa Vista - RR|BRA - Estadio Raimundo Ribeiro de Souza|2|0
130626|179|24628|Estadio Carlos Zamith - Manaus -AM|BRA - Estadio Carlos Zamith|3|0
130627|195|30493|Estadio Laertao - Costa Rica - MS|BRA - Laertao|3|0
130831|179|24628|Estadio Marques Silva – Matosinhos – POR|POR - Estadio Marques Silva|8|2
130832|179|24628|_Stade Municipal|FRA - Stade de Reims - Stade Auguste Delaune|8|2
130833|179|24628|_Stade Municipal|FRA - Stade de Reims - Stade Auguste Delaune|8|2
130834|179|24628|Cristiano Ronaldo Campus Futebol – Funchal (Madeira) – POR|POR - Cristiano Ronaldo Campus Futebol|8|2
130901|175|13827|Estadio Ismael Benigno (Colina) - Manaus - AM|BRA - Colina|4|1
130903|178|19086|Estadio Municipal de El Alto - El Alto - BOL|BOL - Always Ready - Villa Ingenio|14|6
130975|179|24628|_Stade Municipal|FRA - Stade de Reims - Stade Auguste Delaune|8|2
131000|175|13827|Estadio Agnaldo Bento - Porto Seguro - BA|BRA - Agnaldo Bento|3|1
131006|179|24628|_Stade Municipal|FRA - Stade de Reims - Stade Auguste Delaune|1|1
131018|179|24628|_Stade Municipal|FRA - Stade de Reims - Stade Auguste Delaune|1|1
131044|179|24628|_Stade Municipal|FRA - Stade de Reims - Stade Auguste Delaune|8|2
